Timestamp,Altitude,Speed,VerticalSpeed,Heading,Throttle,EngineRPMs,FuelLevelKg
11:31:13,0,0.0,0,270.0,0.00,0.0,0.0,15000,1.00,0.0,0.0
11:31:13,0,0.0,0,270.0,0.00,0.0,0.0,15000,1.00,0.0,0.0
11:31:14,0,0.0,0,270.0,0.00,0.0,0.0,15000,1.00,0.0,0.0
11:31:14,0,0.0,0,270.0,0.00,0.0,0.0,15000,1.00,0.0,0.0
11:31:14,0,0.0,0,270.0,0.00,0.0,0.0,15000,1.00,0.0,0.0
11:31:14,0,0.0,0,270.0,0.00,0.0,0.0,15000,1.00,0.0,0.0
11:31:14,0,0.0,0,270.0,0.00,0.0,0.0,15000,1.00,0.0,0.0
11:31:14,0,0.0,0,270.0,0.00,0.0,0.0,15000,1.00,0.0,0.0
11:31:14,0,0.0,0,270.0,0.00,0.0,0.0,15000,1.00,0.0,0.0
11:31:14,0,0.0,0,270.0,0.00,0.0,0.0,15000,1.00,0.0,0.0
11:31:14,0,0.0,0,270.0,0.00,0.0,0.0,15000,1.00,0.0,0.0
11:31:14,0,0.0,0,270.0,0.00,0.0,0.0,15000,1.00,0.0,0.0
11:31:15,0,0.0,0,270.0,0.00,0.0,0.0,15000,1.00,0.0,0.0
11:31:15,0,0.0,0,270.0,0.00,0.0,0.0,15000,1.00,0.0,0.0
11:31:15,0,0.0,0,270.0,0.00,0.0,0.0,15000,1.00,0.0,0.0
11:31:15,0,0.0,0,270.0,0.00,0.0,0.0,15000,1.00,0.0,0.0
11:31:15,0,0.0,0,270.0,0.00,0.0,0.0,15000,1.00,0.0,0.0
11:31:15,0,0.1,0,270.0,0.10,0.0,0.0,15000,1.00,0.0,0.0
11:31:15,0,0.4,0,270.0,0.20,0.0,0.0,15000,1.00,0.0,0.0
11:31:15,0,0.6,0,270.0,0.20,0.0,0.0,15000,1.00,0.0,0.0
11:31:15,0,1.0,0,270.0,0.30,0.0,0.0,15000,1.00,0.0,0.0
11:31:15,0,1.3,0,270.0,0.30,0.0,0.0,15000,1.00,0.0,0.0
11:31:16,0,1.8,0,270.0,0.40,0.0,0.0,14999,1.00,0.0,0.0
11:31:16,0,2.3,0,270.0,0.40,0.0,0.0,14999,1.00,0.0,0.0
11:31:16,0,2.7,0,270.0,0.40,0.0,0.0,14999,1.00,0.0,0.0
11:31:16,0,3.3,0,270.0,0.50,0.0,0.0,14999,1.00,0.0,0.0
11:31:16,0,3.9,0,270.0,0.50,0.0,0.0,14999,1.00,0.0,0.0
11:31:16,0,4.5,0,270.0,0.50,0.0,0.0,14999,1.00,0.0,0.0
11:31:16,0,5.1,0,270.0,0.50,0.0,0.0,14999,1.00,0.0,0.0
11:31:16,0,5.7,0,270.0,0.50,0.0,0.0,14999,1.00,0.0,0.0
11:31:16,0,6.2,0,270.0,0.50,0.0,0.0,14999,1.00,0.0,0.0
11:31:16,0,6.8,0,270.0,0.50,0.0,0.0,14999,1.00,0.0,0.0
11:31:17,0,7.4,0,270.0,0.50,0.0,0.0,14999,1.00,0.0,0.0
11:31:17,0,7.9,0,270.0,0.50,0.0,0.0,14999,1.00,0.0,0.0
11:31:17,0,8.5,0,270.0,0.50,0.0,0.0,14999,1.00,0.0,0.0
11:31:17,0,9.1,0,270.0,0.50,0.0,0.0,14999,1.00,0.0,0.0
11:31:17,0,9.6,0,270.0,0.50,0.0,0.0,14998,1.00,0.0,0.0
11:31:17,0,10.2,0,270.0,0.50,0.0,0.0,14998,1.00,0.0,0.0
11:31:17,0,10.8,0,270.0,0.50,0.0,0.0,14998,1.00,0.0,0.0
11:31:17,0,11.3,0,270.0,0.50,0.0,0.0,14998,1.00,0.0,0.0
11:31:17,0,11.9,0,270.0,0.50,0.0,0.0,14998,1.00,0.0,0.0
11:31:18,0,12.4,0,270.0,0.50,0.0,0.0,14998,1.00,0.0,0.0
11:31:18,0,13.0,0,270.0,0.50,0.0,0.0,14998,1.00,0.0,0.0
11:31:18,0,13.5,0,270.0,0.50,0.0,0.0,14998,1.00,0.0,0.0
11:31:18,0,14.1,0,270.0,0.50,0.0,0.0,14998,1.00,0.0,0.0
11:31:18,0,14.6,0,270.0,0.50,0.0,0.0,14998,1.00,0.0,0.0
11:31:18,0,15.2,0,270.0,0.50,0.0,0.0,14998,1.00,0.0,0.0
11:31:18,0,15.7,0,270.0,0.50,0.0,0.0,14998,1.00,0.0,0.0
11:31:18,0,16.2,0,270.0,0.50,0.0,0.0,14998,1.00,0.0,0.0
11:31:18,0,16.8,0,270.0,0.50,0.0,0.0,14997,1.00,0.0,0.0
11:31:18,0,17.3,0,270.0,0.50,0.0,0.0,14997,1.00,0.0,0.0
11:31:19,0,17.8,0,270.0,0.50,0.0,0.0,14997,1.00,0.0,0.0
11:31:19,0,18.4,0,270.0,0.50,0.0,0.0,14997,1.00,0.0,0.0
11:31:19,0,18.9,0,270.0,0.50,0.0,0.0,14997,1.00,0.0,0.0
11:31:19,0,19.4,0,270.0,0.50,0.0,0.0,14997,1.00,0.0,0.0
11:31:19,0,19.9,0,270.0,0.50,0.0,0.0,14997,1.00,0.0,0.0
11:31:19,0,20.5,0,270.0,0.50,0.0,0.0,14997,1.00,0.0,0.0
11:31:19,0,21.0,0,270.0,0.50,0.0,0.0,14997,1.00,0.0,0.0
11:31:19,0,21.5,0,270.0,0.50,0.0,0.0,14997,1.00,0.0,0.0
11:31:19,0,22.0,0,270.0,0.50,0.0,0.0,14997,1.00,0.0,0.0
11:31:20,0,22.5,0,270.0,0.50,0.0,0.0,14997,1.00,0.0,0.0
11:31:20,0,23.0,0,270.0,0.50,0.0,0.0,14997,1.00,0.0,0.0
11:31:20,0,23.5,0,270.0,0.50,0.0,0.0,14996,1.00,0.0,0.0
11:31:20,0,24.0,0,270.0,0.50,0.0,0.0,14996,1.00,0.0,0.0
11:31:20,0,24.5,0,270.0,0.50,0.0,0.0,14996,1.00,0.0,0.0
11:31:20,0,25.0,0,270.0,0.50,0.0,0.0,14996,1.00,0.0,0.0
11:31:20,0,25.5,0,270.0,0.50,0.0,0.0,14996,1.00,0.0,0.0
11:31:20,0,26.0,0,270.0,0.50,0.0,0.0,14996,1.00,0.0,0.0
11:31:20,0,26.5,0,270.0,0.50,0.0,0.0,14996,1.00,0.0,0.0
11:31:20,0,27.0,0,270.0,0.50,0.0,0.0,14996,1.00,0.0,0.0
11:31:21,0,27.5,0,270.0,0.50,0.0,0.0,14996,1.00,0.0,0.0
11:31:21,0,28.1,0,270.0,0.60,0.0,0.0,14996,1.00,0.0,0.0
11:31:21,0,28.7,0,270.0,0.60,0.0,0.0,14996,1.00,0.0,0.0
11:31:21,0,29.3,0,270.0,0.60,0.0,0.0,14996,1.00,0.0,0.0
11:31:21,0,30.1,0,270.0,0.70,0.0,0.0,14995,1.00,0.0,0.0
11:31:21,0,30.8,0,270.0,0.70,0.0,0.0,14995,1.00,0.0,0.0
11:31:21,0,31.5,0,270.0,0.70,0.0,0.0,14995,1.00,0.0,0.0
11:31:21,0,32.3,0,270.0,0.80,0.0,0.0,14995,1.00,0.0,0.0
11:31:21,0,33.2,0,270.0,0.80,0.0,0.0,14995,1.00,0.0,0.0
11:31:21,0,34.0,0,270.0,0.80,0.0,0.0,14995,1.00,0.0,0.0
11:31:22,0,34.8,0,270.0,0.80,0.0,0.0,14995,1.00,0.0,0.0
11:31:22,0,35.8,0,270.0,0.90,0.0,0.0,14995,1.00,0.0,0.0
11:31:22,0,36.8,0,270.0,1.00,0.0,0.0,14995,1.00,0.0,0.0
11:31:22,0,37.9,0,270.0,1.00,0.0,0.0,14994,1.00,0.0,0.0
11:31:22,0,38.9,0,270.0,1.00,0.0,0.0,14994,1.00,0.0,0.0
11:31:22,0,40.0,0,270.0,1.00,0.0,0.0,14994,1.00,0.0,0.0
11:31:22,0,41.0,0,270.0,1.00,0.0,0.0,14994,1.00,0.0,0.0
11:31:22,0,42.0,0,270.0,1.00,0.0,0.0,14994,1.00,0.0,0.0
11:31:22,0,43.1,0,270.0,1.00,0.0,0.0,14994,1.00,0.0,0.0
11:31:22,0,44.1,0,270.0,1.00,0.0,0.0,14994,1.00,0.0,0.0
11:31:23,0,45.1,0,270.0,1.00,0.0,0.0,14993,1.00,0.0,0.0
11:31:23,0,46.1,0,270.0,1.00,0.0,0.0,14993,1.00,0.0,0.0
11:31:23,0,47.2,0,270.0,1.00,0.0,0.0,14993,1.00,0.0,0.0
11:31:23,0,48.2,0,270.0,1.00,0.0,0.0,14993,1.00,0.0,0.0
11:31:23,0,49.2,0,270.0,1.00,0.0,0.0,14993,1.00,0.0,0.0
11:31:23,0,50.2,0,270.0,1.00,0.0,0.0,14993,1.00,0.0,0.0
11:31:23,0,51.2,0,270.0,1.00,0.0,0.0,14993,1.00,0.0,0.0
11:31:23,0,52.2,0,270.0,1.00,0.0,0.0,14992,1.00,0.0,0.0
11:31:23,0,53.2,0,270.0,1.00,0.0,0.0,14992,1.00,0.0,0.0
11:31:23,0,54.2,0,270.0,1.00,0.0,0.0,14992,1.00,0.0,0.0
11:31:24,0,55.1,0,270.0,1.00,0.0,0.0,14992,1.00,0.0,0.0
11:31:24,0,56.1,0,270.0,1.00,0.0,0.0,14992,1.00,0.0,0.0
11:31:24,0,57.1,0,270.0,1.00,0.0,0.0,14992,1.00,0.0,0.0
11:31:24,0,58.1,0,270.0,1.00,0.0,0.0,14992,1.00,0.0,0.0
11:31:24,0,59.0,0,270.0,1.00,0.0,0.0,14992,1.00,0.0,0.0
11:31:24,0,60.0,0,270.0,1.00,0.0,0.0,14991,1.00,0.0,0.0
11:31:24,0,61.0,0,270.0,1.00,0.0,0.0,14991,1.00,0.0,0.0
11:31:24,0,61.9,0,270.0,1.00,0.0,0.0,14991,1.00,0.0,0.0
11:31:24,0,62.9,0,270.0,1.00,0.0,0.0,14991,1.00,0.0,0.0
11:31:25,0,63.8,0,270.0,1.00,0.0,0.0,14991,1.00,0.0,0.0
11:31:25,0,64.8,0,270.0,1.00,0.0,0.0,14991,1.00,0.0,0.0
11:31:25,0,65.7,0,270.0,1.00,0.0,0.0,14991,1.00,0.0,0.0
11:31:25,0,66.6,0,270.0,1.00,0.0,0.0,14990,1.00,0.0,0.0
11:31:25,0,67.6,0,270.0,1.00,0.0,0.0,14990,1.00,0.0,0.0
11:31:25,0,68.5,0,270.0,1.00,0.0,0.0,14990,1.00,0.0,0.0
11:31:25,0,69.4,0,270.0,1.00,0.0,0.0,14990,1.00,0.0,0.0
11:31:25,0,70.3,0,270.0,1.00,0.0,0.0,14990,1.00,0.0,0.0
11:31:25,0,71.3,0,270.0,1.00,0.0,0.0,14990,1.00,0.0,0.0
11:31:25,0,72.2,0,270.0,1.00,0.0,0.0,14990,1.00,0.0,0.0
11:31:26,0,73.1,0,270.0,1.00,0.0,0.0,14989,1.00,0.0,0.0
11:31:26,0,74.0,0,270.0,1.00,0.0,0.0,14989,1.00,0.0,0.0
11:31:26,0,74.9,0,270.0,1.00,0.0,0.0,14989,1.00,0.0,0.0
11:31:26,0,75.8,0,270.0,1.00,0.0,0.0,14989,1.00,0.0,0.0
11:31:26,0,76.7,0,270.0,1.00,0.0,0.0,14989,1.00,0.0,0.0
11:31:26,0,77.6,0,270.0,1.00,0.0,0.0,14989,1.00,0.0,0.0
11:31:26,0,78.5,0,270.0,1.00,0.0,0.0,14989,1.00,0.0,0.0
11:31:26,0,79.4,0,270.0,1.00,0.0,0.0,14988,1.00,0.0,0.0
11:31:26,0,80.3,0,270.0,1.00,0.0,0.0,14988,1.00,0.0,0.0
11:31:26,0,81.1,0,270.0,1.00,0.0,0.0,14988,1.00,0.0,0.0
11:31:27,0,82.0,0,270.0,1.00,0.0,0.0,14988,1.00,0.0,0.0
11:31:27,0,82.9,0,270.0,1.00,0.0,0.0,14988,1.00,0.0,0.0
11:31:27,0,83.7,0,270.0,1.00,0.0,0.0,14988,1.00,0.0,0.0
11:31:27,0,84.6,0,270.0,1.00,0.0,0.0,14988,1.00,0.0,0.0
11:31:27,0,85.5,0,270.0,1.00,0.0,0.0,14987,1.00,0.0,0.0
11:31:27,0,86.3,0,270.0,1.00,0.0,0.0,14987,1.00,0.0,0.0
11:31:27,0,87.2,0,270.0,1.00,0.0,0.0,14987,1.00,0.0,0.0
11:31:27,0,88.0,0,270.0,1.00,0.0,0.0,14987,1.00,0.0,0.0
11:31:27,0,88.9,0,270.0,1.00,0.0,0.0,14987,1.00,0.0,0.0
11:31:27,0,89.7,0,270.0,1.00,0.0,0.0,14987,1.00,0.0,0.0
11:31:28,0,90.6,0,270.0,1.00,0.0,0.0,14987,1.00,0.0,0.0
11:31:28,0,91.4,0,270.0,1.00,0.0,0.0,14987,1.00,0.0,0.0
11:31:28,0,92.2,0,270.0,1.00,0.0,0.0,14986,1.00,0.0,0.0
11:31:28,0,93.1,0,270.0,1.00,0.0,0.0,14986,1.00,0.0,0.0
11:31:28,0,93.9,0,270.0,1.00,0.0,0.0,14986,1.00,0.0,0.0
11:31:28,0,94.7,0,270.0,1.00,0.0,0.0,14986,1.00,0.0,0.0
11:31:28,0,95.5,0,270.0,1.00,0.0,0.0,14986,1.00,0.0,0.0
11:31:28,0,96.4,0,270.0,1.00,0.0,0.0,14986,1.00,0.0,0.0
11:31:28,0,97.2,0,270.0,1.00,0.0,0.0,14986,1.00,0.0,0.0
11:31:28,0,98.0,0,270.0,1.00,0.0,0.0,14985,1.00,0.0,0.0
11:31:29,0,98.8,0,270.0,1.00,0.0,0.0,14985,1.00,0.0,0.0
11:31:29,0,99.6,0,270.0,1.00,0.0,0.0,14985,1.00,0.0,0.0
11:31:29,0,100.4,0,270.0,1.00,0.0,0.0,14985,1.00,0.0,0.0
11:31:29,0,101.2,0,270.0,1.00,0.0,0.0,14985,1.00,0.0,0.0
11:31:29,0,102.0,0,270.0,1.00,0.0,0.0,14985,1.00,0.0,0.0
11:31:29,0,102.8,0,270.0,1.00,0.0,0.0,14985,1.00,0.0,0.0
11:31:29,0,103.6,0,270.0,1.00,0.0,0.0,14984,1.00,0.0,0.0
11:31:29,0,104.4,0,270.0,1.00,0.0,0.0,14984,1.00,0.0,0.0
11:31:29,0,105.1,0,270.0,1.00,0.0,0.0,14984,1.00,0.0,0.0
11:31:29,0,105.9,0,270.0,1.00,0.0,0.0,14984,1.00,0.0,0.0
11:31:30,0,106.7,0,270.0,1.00,0.0,0.0,14984,1.00,0.0,0.0
11:31:30,0,107.5,0,270.0,1.00,0.0,0.0,14984,1.00,0.0,0.0
11:31:30,0,108.2,0,270.0,1.00,0.0,0.0,14984,1.00,0.0,0.0
11:31:30,0,109.0,0,270.0,1.00,0.0,0.0,14983,1.00,0.0,0.0
11:31:30,0,109.8,0,270.0,1.00,0.0,0.0,14983,1.00,0.0,0.0
11:31:30,0,110.5,0,270.0,1.00,0.0,0.0,14983,1.00,0.0,0.0
11:31:30,0,111.3,0,270.0,1.00,0.0,0.0,14983,1.00,0.0,0.0
11:31:30,0,112.1,0,270.0,1.00,0.0,0.0,14983,1.00,0.0,0.0
11:31:30,0,112.8,0,270.0,1.00,0.0,0.0,14983,1.00,0.0,0.0
11:31:30,0,113.6,0,270.0,1.00,0.0,0.0,14983,1.00,0.0,0.0
11:31:31,0,114.3,0,270.0,1.00,0.0,0.0,14982,1.00,0.0,0.0
11:31:31,0,115.0,0,270.0,1.00,0.0,0.0,14982,1.00,0.0,0.0
11:31:31,0,115.8,0,270.0,1.00,0.0,0.0,14982,1.00,0.0,0.0
11:31:31,0,116.5,0,270.0,1.00,0.0,0.0,14982,1.00,0.0,0.0
11:31:31,0,117.3,0,270.0,1.00,0.0,0.0,14982,1.00,0.0,0.0
11:31:31,0,118.0,0,270.0,1.00,0.0,0.0,14982,1.00,0.0,0.0
11:31:31,0,118.7,0,270.0,1.00,0.0,0.0,14982,1.00,0.0,0.0
11:31:31,0,119.4,0,270.0,1.00,0.0,0.0,14982,1.00,0.0,0.0
11:31:31,0,120.2,0,270.0,1.00,0.0,0.0,14981,1.00,0.0,0.0
11:31:31,0,120.9,0,270.0,1.00,0.0,0.0,14981,1.00,0.0,0.0
11:31:32,0,121.6,0,270.0,1.00,0.0,0.0,14981,1.00,0.0,0.0
11:31:32,0,122.3,0,270.0,1.00,0.0,0.0,14981,1.00,0.0,0.0
11:31:32,0,123.0,0,270.0,1.00,0.0,0.0,14981,1.00,0.0,0.0
11:31:32,0,123.7,0,270.0,1.00,0.0,0.0,14981,1.00,0.0,0.0
11:31:32,0,124.4,0,270.0,1.00,0.0,0.0,14981,1.00,0.0,0.0
11:31:32,0,125.1,0,270.0,1.00,0.0,0.0,14980,1.00,0.0,0.0
11:31:32,0,125.8,0,270.0,1.00,0.0,0.0,14980,1.00,0.0,0.0
11:31:32,0,126.5,0,270.0,1.00,0.0,0.0,14980,1.00,0.0,0.0
11:31:32,0,127.2,0,270.0,1.00,0.0,0.0,14980,1.00,0.0,0.0
11:31:32,0,127.9,0,270.0,1.00,0.0,0.0,14980,1.00,0.0,0.0
11:31:33,0,128.6,0,270.0,1.00,0.0,0.0,14980,1.00,0.0,0.0
11:31:33,0,129.3,0,270.0,1.00,0.0,0.0,14980,1.00,0.0,0.0
11:31:33,0,130.0,0,270.0,1.00,0.0,0.0,14979,1.00,0.0,0.0
11:31:33,0,130.7,0,270.0,1.00,0.0,0.0,14979,1.00,0.0,0.0
11:31:33,0,131.3,0,270.0,1.00,0.0,0.0,14979,1.00,0.0,0.0
11:31:33,0,132.0,0,270.0,1.00,0.0,0.0,14979,1.00,0.0,0.0
11:31:33,0,132.7,0,270.0,1.00,0.0,0.0,14979,1.00,0.0,0.0
11:31:33,0,133.3,0,270.0,1.00,0.0,0.0,14979,1.00,0.0,0.0
11:31:33,0,134.0,0,270.0,1.00,0.0,0.0,14979,1.00,0.0,0.0
11:31:33,0,134.7,0,270.0,1.00,0.0,0.0,14978,1.00,0.0,0.0
11:31:34,0,135.3,0,270.0,1.00,0.0,0.0,14978,1.00,0.0,0.0
11:31:34,0,136.0,0,270.0,1.00,0.0,0.0,14978,1.00,0.0,0.0
11:31:34,0,136.7,0,270.0,1.00,0.0,0.0,14978,1.00,0.0,0.0
11:31:34,0,137.3,0,270.0,1.00,0.0,0.0,14978,1.00,0.0,0.0
11:31:34,0,138.0,0,270.0,1.00,0.0,0.0,14978,1.00,0.0,0.0
11:31:34,0,138.6,0,270.0,1.00,0.0,0.0,14978,1.00,0.0,0.0
11:31:34,0,139.3,0,270.0,1.00,0.0,0.0,14977,1.00,0.0,0.0
11:31:34,0,139.9,0,270.0,1.00,0.0,0.0,14977,1.00,0.0,0.0
11:31:34,0,140.5,0,270.0,1.00,0.0,0.0,14977,1.00,0.0,0.0
11:31:34,0,141.2,0,270.0,1.00,0.0,0.0,14977,1.00,0.0,0.0
11:31:35,0,141.8,0,270.0,1.00,0.0,0.0,14977,1.00,0.0,0.0
11:31:35,0,142.4,0,270.0,1.00,0.0,0.0,14977,1.00,0.0,0.0
11:31:35,0,143.1,0,270.0,1.00,0.0,0.0,14977,1.00,0.0,0.0
11:31:35,0,143.7,0,270.0,1.00,0.0,0.0,14977,1.00,0.0,0.0
11:31:35,0,144.3,0,270.0,1.00,0.0,0.0,14976,1.00,0.0,0.0
11:31:35,0,144.9,0,270.0,1.00,0.0,0.0,14976,1.00,0.0,0.0
11:31:35,0,145.6,0,270.0,1.00,0.0,0.0,14976,1.00,0.0,0.0
11:31:35,0,146.2,0,270.0,1.00,0.0,0.0,14976,1.00,0.0,0.0
11:31:35,0,146.8,0,270.0,1.00,0.0,0.0,14976,1.00,0.0,0.0
11:31:35,0,147.4,0,270.0,1.00,0.0,0.0,14976,1.00,0.0,0.0
11:31:36,0,148.0,0,270.0,1.00,0.0,0.0,14976,1.00,0.0,0.0
11:31:36,0,148.6,0,270.0,1.00,0.0,0.0,14975,1.00,0.0,0.0
11:31:36,0,149.2,0,270.0,1.00,0.0,0.0,14975,1.00,0.0,0.0
11:31:36,0,149.8,0,270.0,1.00,0.0,0.0,14975,1.00,0.0,0.0
11:31:36,0,150.4,0,270.0,1.00,0.0,0.0,14975,1.00,0.0,0.0
11:31:36,0,151.0,0,270.0,1.00,0.0,0.0,14975,1.00,0.0,0.0
11:31:36,0,151.6,0,270.0,1.00,0.0,0.0,14975,1.00,0.0,0.0
11:31:36,0,152.2,0,270.0,1.00,0.0,0.0,14975,1.00,0.0,0.0
11:31:36,0,152.8,0,270.0,1.00,0.0,0.0,14974,1.00,0.0,0.0
11:31:36,0,153.4,0,270.0,1.00,0.0,0.0,14974,1.00,0.0,0.0
11:31:37,0,154.0,0,270.0,1.00,0.0,0.0,14974,1.00,0.0,0.0
11:31:37,0,154.6,0,270.0,1.00,0.0,0.0,14974,1.00,0.0,0.0
11:31:37,0,155.2,0,270.0,1.00,0.0,0.0,14974,1.00,0.0,0.0
11:31:37,0,155.7,0,270.0,1.00,0.0,0.0,14974,1.00,0.0,0.0
11:31:37,0,156.3,0,270.0,1.00,0.0,0.0,14974,1.00,0.0,0.0
11:31:37,0,156.9,0,270.0,1.00,0.0,0.0,14973,1.00,0.0,0.0
11:31:37,0,157.5,0,270.0,1.00,0.0,0.0,14973,1.00,0.0,0.0
11:31:37,0,158.0,0,270.0,1.00,0.0,0.0,14973,1.00,0.0,0.0
11:31:37,0,158.6,0,270.0,1.00,0.0,0.0,14973,1.00,0.0,0.0
11:31:37,0,159.2,0,270.0,1.00,0.0,0.0,14973,1.00,0.0,0.0
11:31:38,0,159.7,0,270.0,1.00,0.0,0.0,14973,1.00,0.0,0.0
11:31:38,0,160.3,0,270.0,1.00,0.0,0.0,14973,1.00,0.0,0.0
11:31:38,0,160.8,0,270.0,1.00,0.0,0.0,14972,1.00,0.0,0.0
11:31:38,0,161.4,0,270.0,1.00,0.0,0.0,14972,1.00,0.0,0.0
11:31:38,0,162.0,0,270.0,1.00,0.0,0.0,14972,1.00,0.0,0.0
11:31:38,0,162.5,0,270.0,1.00,0.0,0.0,14972,1.00,0.0,0.0
11:31:38,0,163.1,0,270.0,1.00,0.0,0.0,14972,1.00,0.0,0.0
11:31:38,0,163.6,0,270.0,1.00,0.0,0.0,14972,1.00,0.0,0.0
11:31:38,0,164.2,0,270.0,1.00,0.0,0.0,14972,1.00,0.0,0.0
11:31:39,0,164.7,0,270.0,1.00,0.0,0.0,14972,1.00,0.0,0.0
11:31:39,0,165.2,0,270.0,1.00,0.0,0.0,14971,1.00,0.0,0.0
11:31:39,0,165.8,0,270.0,1.00,0.0,0.0,14971,1.00,0.0,0.0
11:31:39,0,166.3,0,270.0,1.00,0.0,0.0,14971,1.00,0.0,0.0
11:31:39,0,166.9,0,270.0,1.00,0.0,0.0,14971,1.00,0.0,0.0
11:31:39,0,167.4,0,270.0,1.00,0.0,0.0,14971,1.00,0.0,0.0
11:31:39,0,167.9,0,270.0,1.00,0.0,0.0,14971,1.00,0.0,0.0
11:31:39,0,168.4,0,270.0,1.00,0.0,0.0,14971,1.00,0.0,0.0
11:31:39,0,169.0,0,270.0,1.00,0.0,0.0,14970,1.00,0.0,0.0
11:31:39,0,169.5,0,270.0,1.00,0.0,0.0,14970,1.00,0.0,0.0
11:31:40,0,170.0,0,270.0,1.00,0.0,0.0,14970,1.00,0.0,0.0
11:31:40,0,170.5,0,270.0,1.00,0.0,0.0,14970,1.00,0.0,0.0
11:31:40,0,171.1,0,270.0,1.00,0.0,0.0,14970,1.00,0.0,0.0
11:31:40,0,171.6,0,270.0,1.00,0.0,0.0,14970,1.00,0.0,0.0
11:31:40,0,172.1,0,270.0,1.00,0.0,0.0,14970,1.00,0.0,0.0
11:31:40,0,172.6,0,270.0,1.00,0.0,0.0,14969,1.00,0.0,0.0
11:31:40,0,173.1,0,270.0,1.00,0.0,0.0,14969,1.00,0.0,0.0
11:31:40,0,173.6,0,270.0,1.00,0.0,0.0,14969,1.00,0.0,0.0
11:31:40,0,174.1,0,270.0,1.00,0.0,0.0,14969,1.00,0.0,0.0
11:31:40,0,174.6,0,270.0,1.00,0.0,0.0,14969,1.00,0.0,0.0
11:31:41,0,175.1,0,270.0,1.00,0.0,0.0,14969,1.00,0.0,0.0
11:31:41,0,175.6,0,270.0,1.00,0.0,0.0,14969,1.00,0.0,0.0
11:31:41,0,176.1,0,270.0,1.00,0.0,0.0,14968,1.00,0.0,0.0
11:31:41,0,176.6,0,270.0,1.00,0.0,0.0,14968,1.00,0.0,0.0
11:31:41,0,177.1,0,270.0,1.00,0.0,0.0,14968,1.00,0.0,0.0
11:31:41,0,177.6,0,270.0,1.00,0.0,0.0,14968,1.00,0.0,0.0
11:31:41,0,178.1,0,270.0,1.00,0.0,0.0,14968,1.00,0.0,0.0
11:31:41,0,178.6,0,270.0,1.00,0.0,0.0,14968,1.00,0.0,0.0
11:31:41,0,179.1,0,270.0,1.00,0.0,0.0,14968,1.00,0.0,0.0
11:31:41,0,179.5,0,270.0,1.00,0.0,0.0,14967,1.00,0.0,0.0
11:31:42,0,180.0,0,270.0,1.00,0.0,0.0,14967,1.00,0.0,0.0
11:31:42,0,180.5,0,270.0,1.00,0.0,0.0,14967,1.00,0.0,0.0
11:31:42,0,181.0,0,270.0,1.00,0.0,0.0,14967,1.00,0.0,0.0
11:31:42,0,181.5,0,270.0,1.00,0.0,0.0,14967,1.00,0.0,0.0
11:31:42,0,181.9,0,270.0,1.00,0.0,0.0,14967,1.00,0.0,0.0
11:31:42,0,182.4,0,270.0,1.00,0.0,0.0,14967,1.00,0.0,0.0
11:31:42,0,182.9,0,270.0,1.00,0.0,0.0,14967,1.00,0.0,0.0
11:31:42,0,183.3,0,270.0,1.00,0.0,0.0,14966,1.00,0.0,0.0
11:31:42,0,183.8,0,270.0,1.00,0.0,0.0,14966,1.00,0.0,0.0
11:31:42,0,184.3,0,270.0,1.00,0.0,0.0,14966,1.00,0.0,0.0
11:31:40,0,184.7,0,270.0,1.00,0.0,0.0,14966,1.00,0.0,0.0
11:31:41,0,185.2,0,270.0,1.00,0.0,0.0,14966,1.00,0.0,0.0
11:31:41,0,185.7,0,270.0,1.00,0.0,0.0,14966,1.00,0.0,0.0
11:31:41,0,186.1,0,270.0,1.00,0.0,0.0,14966,1.00,0.0,0.0
11:31:41,0,186.6,0,270.0,1.00,0.0,0.0,14965,1.00,0.0,0.0
11:31:41,0,187.0,0,270.0,1.00,0.0,0.0,14965,1.00,0.0,0.0
11:31:41,0,187.5,0,270.0,1.00,0.0,0.0,14965,1.00,0.0,0.0
11:31:41,0,187.9,0,270.0,1.00,0.0,0.0,14965,1.00,0.0,0.0
11:31:41,0,188.4,0,270.0,1.00,0.0,0.0,14965,1.00,0.0,0.0
11:31:41,0,188.8,0,270.0,1.00,0.0,0.0,14965,1.00,0.0,0.0
11:31:41,0,189.3,0,270.0,1.00,0.0,0.0,14965,1.00,0.0,0.0
11:31:42,0,189.7,0,270.0,1.00,0.0,0.0,14964,1.00,0.0,0.0
11:31:42,0,190.2,0,270.0,1.00,0.0,0.0,14964,1.00,0.0,0.0
11:31:42,0,190.6,0,270.0,1.00,0.0,0.0,14964,1.00,0.0,0.0
11:31:42,0,191.0,0,270.0,1.00,0.0,0.0,14964,1.00,0.0,0.0
11:31:42,0,191.5,0,270.0,1.00,0.0,0.0,14964,1.00,0.0,0.0
11:31:42,0,191.9,0,270.0,1.00,0.0,0.0,14964,1.00,0.0,0.0
11:31:42,0,192.3,0,270.0,1.00,0.0,0.0,14964,1.00,0.0,0.0
11:31:42,21,193.8,0,270.0,1.00,0.0,0.0,14963,1.00,7.5,0.0
11:31:42,41,195.2,0,270.0,1.00,0.0,0.0,14963,1.00,7.5,0.0
11:31:42,62,196.6,0,270.0,1.00,0.0,0.0,14963,1.00,7.5,0.0
11:31:43,84,198.0,0,270.0,1.00,0.0,0.0,14963,1.00,7.5,0.0
11:31:43,105,199.4,0,270.0,1.00,0.0,0.0,14963,1.00,7.5,0.0
11:31:43,127,200.8,0,270.0,1.00,0.0,0.0,14963,1.00,7.5,0.0
11:31:43,148,202.2,0,270.0,1.00,0.0,0.0,14963,1.00,7.5,0.0
11:31:43,170,203.6,0,270.0,1.00,0.0,0.0,14962,1.00,7.5,0.0
11:31:43,193,205.0,0,270.0,1.00,0.0,0.0,14962,1.00,7.5,0.0
11:31:43,215,206.3,0,270.0,1.00,0.0,0.0,14962,1.00,7.5,0.0
11:31:43,238,207.7,0,270.0,1.00,0.0,0.0,14962,1.00,7.5,0.0
11:31:43,261,209.1,0,270.0,1.00,0.0,0.0,14962,1.00,7.5,0.0
11:31:43,284,210.4,0,270.0,1.00,0.0,0.0,14962,1.00,7.5,0.0
11:31:44,307,211.8,0,270.0,1.00,0.0,0.0,14962,1.00,7.5,0.0
11:31:44,330,213.1,0,270.0,1.00,0.0,0.0,14962,1.00,7.5,0.0
11:31:44,354,214.5,0,270.0,1.00,0.0,0.0,14961,1.00,7.5,0.0
11:31:44,378,215.8,0,270.0,1.00,0.0,0.0,14961,1.00,7.5,0.0
11:31:44,402,217.2,0,270.0,1.00,0.0,0.0,14961,1.00,7.5,0.0
11:31:44,426,218.5,0,270.0,1.00,0.0,0.0,14961,1.00,7.5,0.0
11:31:44,451,219.8,0,270.0,1.00,0.0,0.0,14961,1.00,7.5,0.0
11:31:44,475,221.1,0,270.0,1.00,0.0,0.0,14961,1.00,7.5,0.0
11:31:44,500,222.4,0,270.0,1.00,0.0,0.0,14961,1.00,7.5,0.0
11:31:45,525,223.7,0,270.0,1.00,0.0,0.0,14960,1.00,7.5,0.0
11:31:45,551,225.0,0,270.0,1.00,0.0,0.0,14960,1.00,7.5,0.0
11:31:45,576,226.3,0,270.0,1.00,0.0,0.0,14960,1.00,7.5,0.0
11:31:45,602,227.6,0,270.0,1.00,0.0,0.0,14960,1.00,7.5,0.0
11:31:45,628,228.9,0,270.0,1.00,0.0,0.0,14960,1.00,7.5,0.0
11:31:45,654,230.2,0,270.0,1.00,0.0,0.0,14960,1.00,7.5,0.0
11:31:45,680,231.5,0,270.0,1.00,0.0,0.0,14960,1.00,7.5,0.0
11:31:45,706,232.7,0,270.0,1.00,0.0,0.0,14959,1.00,7.5,0.0
11:31:45,733,234.0,0,270.0,1.00,0.0,0.0,14959,1.00,7.5,0.0
11:31:45,760,235.3,0,270.0,1.00,0.0,0.0,14959,1.00,7.5,0.0
11:31:46,787,236.5,0,270.0,1.00,0.0,0.0,14959,1.00,7.5,0.0
11:31:46,814,237.8,0,270.0,1.00,0.0,0.0,14959,1.00,7.5,0.0
11:31:46,841,239.0,0,270.0,1.00,0.0,0.0,14959,1.00,7.5,0.0
11:31:46,869,240.3,0,270.0,1.00,0.0,0.0,14959,1.00,7.5,0.0
11:31:46,896,241.5,0,270.0,1.00,0.0,0.0,14958,1.00,7.5,0.0
11:31:46,924,242.7,0,270.0,1.00,0.0,0.0,14958,1.00,7.5,0.0
11:31:46,952,243.9,0,270.0,1.00,0.0,0.0,14958,1.00,7.5,0.0
11:31:46,981,245.2,0,270.0,1.00,0.0,0.0,14958,1.00,7.5,0.0
11:31:46,1009,246.4,0,270.0,1.00,0.0,0.0,14958,1.00,7.5,0.0
11:31:46,1038,247.6,0,270.0,1.00,0.0,0.0,14958,1.00,7.5,0.0
11:31:47,1067,248.8,0,270.0,1.00,0.0,0.0,14958,1.00,7.5,0.0
11:31:47,1096,250.0,0,270.0,1.00,0.0,0.0,14957,1.00,7.5,0.0
11:31:47,1125,251.2,0,270.0,1.00,0.0,0.0,14957,1.00,7.5,0.0
11:31:47,1154,252.4,0,270.0,1.00,0.0,0.0,14957,1.00,7.5,0.0
11:31:47,1184,253.6,0,270.0,1.00,0.0,0.0,14957,1.00,7.5,0.0
11:31:47,1213,254.8,0,270.0,1.00,0.0,0.0,14957,1.00,7.5,0.0
11:31:47,1243,255.9,0,270.0,1.00,0.0,0.0,14957,1.00,7.5,0.0
11:31:47,1273,257.1,0,270.0,1.00,0.0,0.0,14957,1.00,7.5,0.0
11:31:47,1304,258.3,0,270.0,1.00,0.0,0.0,14957,1.00,7.5,0.0
11:31:47,1334,259.4,0,270.0,1.00,0.0,0.0,14956,1.00,7.5,0.0
11:31:48,1365,260.6,0,270.0,1.00,0.0,0.0,14956,1.00,7.5,0.0
11:31:48,1395,261.7,0,270.0,1.00,0.0,0.0,14956,1.00,7.5,0.0
11:31:48,1426,262.9,0,270.0,1.00,0.0,0.0,14956,1.00,7.5,0.0
11:31:48,1457,264.0,0,270.0,1.00,0.0,0.0,14956,1.00,7.5,0.0
11:31:48,1489,265.2,0,270.0,1.00,0.0,0.0,14956,1.00,7.5,0.0
11:31:48,1520,266.3,0,270.0,1.00,0.0,0.0,14956,1.00,7.5,0.0
11:31:48,1552,267.4,0,270.0,1.00,0.0,0.0,14955,1.00,7.5,0.0
11:31:48,1580,267.6,0,270.0,1.00,0.0,0.0,14955,1.00,7.5,0.0
11:31:48,1609,267.7,0,270.0,1.00,0.0,0.0,14955,1.00,7.5,0.0
11:31:48,1638,267.8,0,270.0,1.00,0.0,0.0,14955,1.00,7.5,0.0
11:31:49,1666,268.0,0,270.0,1.00,0.0,0.0,14955,1.00,7.5,0.0
11:31:49,1695,268.1,0,270.0,1.00,0.0,0.0,14955,1.00,7.5,0.0
11:31:49,1724,268.2,0,270.0,1.00,0.0,0.0,14955,1.00,7.5,0.0
11:31:49,1753,268.3,0,270.0,1.00,0.0,0.0,14954,1.00,7.5,0.0
11:31:49,1781,268.5,0,270.0,1.00,0.0,0.0,14954,1.00,7.5,0.0
11:31:49,1810,268.6,0,270.0,1.00,0.0,0.0,14954,1.00,7.5,0.0
11:31:49,1839,268.7,0,270.0,1.00,0.0,0.0,14954,1.00,7.5,0.0
11:31:49,1868,268.8,0,270.0,1.00,0.0,0.0,14954,1.00,7.5,0.0
11:31:49,1897,269.0,0,270.0,1.00,0.0,0.0,14954,1.00,7.5,0.0
11:31:49,1925,269.1,0,270.0,1.00,0.0,0.0,14954,1.00,7.5,0.0
11:31:50,1954,269.2,0,270.0,1.00,0.0,0.0,14953,1.00,7.5,0.0
11:31:50,1983,269.3,0,270.0,1.00,0.0,0.0,14953,1.00,7.5,0.0
11:31:50,2012,269.5,0,270.0,1.00,0.0,0.0,14953,1.00,7.5,0.0
11:31:50,2041,269.6,0,270.0,1.00,0.0,0.0,14953,1.00,7.5,0.0
11:31:50,2070,269.7,0,270.0,1.00,0.0,0.0,14953,1.00,7.5,0.0
11:31:50,2099,269.8,0,270.0,1.00,0.0,0.0,14953,1.00,7.5,0.0
11:31:50,2128,270.0,0,270.0,1.00,0.0,0.0,14953,1.00,7.5,0.0
11:31:50,2157,270.1,0,270.0,1.00,0.0,0.0,14952,1.00,7.5,0.0
11:31:50,2186,270.2,0,270.0,1.00,0.0,0.0,14952,1.00,7.5,0.0
11:31:50,2215,270.3,0,270.0,1.00,0.0,0.0,14952,1.00,7.5,0.0
11:31:51,2244,270.4,0,270.0,1.00,0.0,0.0,14952,1.00,7.5,0.0
11:31:51,2273,270.5,0,270.0,1.00,0.0,0.0,14952,1.00,7.5,0.0
11:31:51,2302,270.7,0,270.0,1.00,0.0,0.0,14952,1.00,7.5,0.0
11:31:51,2332,270.8,0,270.0,1.00,0.0,0.0,14952,1.00,7.5,0.0
11:31:51,2361,270.9,0,270.0,1.00,0.0,0.0,14952,1.00,7.5,0.0
11:31:51,2390,271.0,0,270.0,1.00,0.0,0.0,14951,1.00,7.5,0.0
11:31:51,2419,271.1,0,270.0,1.00,0.0,0.0,14951,1.00,7.5,0.0
11:31:51,2448,271.2,0,270.0,1.00,0.0,0.0,14951,1.00,7.5,0.0
11:31:51,2477,271.4,0,270.0,1.00,0.0,0.0,14951,1.00,7.5,0.0
11:31:51,2507,271.4,0,270.0,0.90,0.0,0.0,14951,1.00,7.5,0.0
11:31:52,2536,271.4,0,270.0,0.90,0.0,0.0,14951,1.00,7.5,0.0
11:31:52,2565,271.3,0,270.0,0.90,0.0,0.0,14951,1.00,7.5,0.0
11:31:52,2594,271.3,0,270.0,0.90,0.0,0.0,14950,1.00,7.5,0.0
11:31:52,2623,271.3,0,270.0,0.90,0.0,0.0,14950,1.00,7.5,0.0
11:31:52,2653,271.3,0,270.0,0.90,0.0,0.0,14950,1.00,7.5,0.0
11:31:52,2682,271.3,0,270.0,0.90,0.0,0.0,14950,1.00,7.5,0.0
11:31:52,2711,271.3,0,270.0,0.90,0.0,0.0,14950,1.00,7.5,0.0
11:31:52,2740,271.3,0,270.0,0.90,0.0,0.0,14950,1.00,7.5,0.0
11:31:52,2769,271.3,0,270.0,0.90,0.0,0.0,14950,1.00,7.5,0.0
11:31:52,2799,271.3,0,270.0,0.90,0.0,0.0,14950,1.00,7.5,0.0
11:31:53,2828,271.2,0,270.0,0.80,0.0,0.0,14949,1.00,7.5,0.0
11:31:53,2857,271.1,0,270.0,0.80,0.0,0.0,14949,1.00,7.5,0.0
11:31:53,2886,270.9,0,270.0,0.80,0.0,0.0,14949,1.00,7.5,0.0
11:31:53,2915,270.8,0,270.0,0.80,0.0,0.0,14949,1.00,7.5,0.0
11:31:53,2944,270.7,0,270.0,0.80,0.0,0.0,14949,1.00,7.5,0.0
11:31:53,2973,270.4,0,270.0,0.70,0.0,0.0,14949,1.00,7.5,0.0
11:31:53,3002,270.2,0,270.0,0.70,0.0,0.0,14949,1.00,7.5,0.0
11:31:53,3031,270.0,0,270.0,0.70,0.0,0.0,14949,1.00,7.5,0.0
11:31:53,3060,269.7,0,270.0,0.70,0.0,0.0,14949,1.00,7.5,0.0
11:31:53,3089,269.4,0,270.0,0.60,0.0,0.0,14948,1.00,7.5,0.0
11:31:54,3118,269.0,0,270.0,0.60,0.0,0.0,14948,1.00,7.5,0.0
11:31:54,3147,268.6,0,270.0,0.60,0.0,0.0,14948,1.00,7.5,0.0
11:31:54,3176,268.3,0,270.0,0.60,0.0,0.0,14948,1.00,7.5,0.0
11:31:54,3204,267.8,0,270.0,0.50,0.0,0.0,14948,1.00,7.5,0.0
11:31:54,3233,267.3,0,270.0,0.50,0.0,0.0,14948,1.00,7.5,0.0
11:31:54,3261,266.9,0,270.0,0.50,0.0,0.0,14948,1.00,7.5,0.0
11:31:54,3290,266.4,0,270.0,0.50,0.0,0.0,14948,1.00,7.5,0.0
11:31:54,3318,265.9,0,270.0,0.50,0.0,0.0,14948,1.00,7.5,0.0
11:31:54,3347,265.5,0,270.0,0.50,0.0,0.0,14948,1.00,7.5,0.0
11:31:54,3375,264.9,0,270.0,0.40,0.0,0.0,14948,1.00,7.5,0.0
11:31:55,3403,264.3,0,270.0,0.40,0.0,0.0,14948,1.00,7.5,0.0
11:31:55,3431,263.6,0,270.0,0.30,0.0,0.0,14948,1.00,7.5,0.0
11:31:55,3459,262.9,0,270.0,0.30,0.0,0.0,14948,1.00,7.5,0.0
11:31:55,3487,262.2,0,270.0,0.30,0.0,0.0,14947,1.00,7.5,0.0
11:31:55,3515,261.5,0,270.0,0.30,0.0,0.0,14947,1.00,7.5,0.0
11:31:55,3542,260.9,0,270.0,0.30,0.0,0.0,14947,1.00,7.5,0.0
11:31:55,3570,260.2,0,270.0,0.30,0.0,0.0,14947,1.00,7.5,0.0
11:31:55,3597,259.5,0,270.0,0.30,0.0,0.0,14947,1.00,7.5,0.0
11:31:55,3624,258.8,0,270.0,0.30,0.0,0.0,14947,1.00,7.5,0.0
11:31:55,3652,258.1,0,270.0,0.30,0.0,0.0,14947,1.00,7.5,0.0
11:31:56,3679,257.5,0,270.0,0.30,0.0,0.0,14947,1.00,7.5,0.0
11:31:56,3706,256.8,0,270.0,0.30,0.0,0.0,14947,1.00,7.5,0.0
11:31:56,3733,256.1,0,270.0,0.30,0.0,0.0,14947,1.00,7.5,0.0
11:31:56,3760,255.5,0,270.0,0.30,0.0,0.0,14947,1.00,7.5,0.0
11:31:56,3786,254.8,0,270.0,0.30,0.0,0.0,14947,1.00,7.5,0.0
11:31:56,3813,254.1,0,270.0,0.30,0.0,0.0,14947,1.00,7.5,0.0
11:31:56,3839,253.5,0,270.0,0.30,0.0,0.0,14947,1.00,7.5,0.0
11:31:56,3866,252.8,0,270.0,0.30,0.0,0.0,14947,1.00,7.5,0.0
11:31:56,3892,252.2,0,270.0,0.30,0.0,0.0,14947,1.00,7.5,0.0
11:31:56,3918,251.5,0,270.0,0.30,0.0,0.0,14947,1.00,7.5,0.0
11:31:57,3945,250.9,0,270.0,0.30,0.0,0.0,14947,1.00,7.5,0.0
11:31:57,3971,250.2,0,270.0,0.30,0.0,0.0,14947,1.00,7.5,0.0
11:31:57,3996,249.6,0,270.0,0.30,0.0,0.0,14947,1.00,7.5,0.0
11:31:57,4022,249.0,0,270.0,0.30,0.0,0.0,14946,1.00,7.5,0.0
11:31:57,4048,248.3,0,270.0,0.30,0.0,0.0,14946,1.00,7.5,0.0
11:31:57,4074,247.7,0,270.0,0.30,0.0,0.0,14946,1.00,7.5,0.0
11:31:57,4099,247.1,0,270.0,0.30,0.0,0.0,14946,1.00,7.5,0.0
11:31:57,4125,246.4,0,270.0,0.30,0.0,0.0,14946,1.00,7.5,0.0
11:31:57,4150,245.8,0,270.0,0.30,0.0,0.0,14946,1.00,7.5,0.0
11:31:57,4175,245.2,0,270.0,0.30,0.0,0.0,14946,1.00,7.5,0.0
11:31:58,4201,244.6,0,270.0,0.30,0.0,0.0,14946,1.00,7.5,0.0
11:31:58,4226,244.0,0,270.0,0.30,0.0,0.0,14946,1.00,7.5,0.0
11:31:58,4251,243.3,0,270.0,0.30,0.0,0.0,14946,1.00,7.5,0.0
11:31:58,4276,242.7,0,270.0,0.30,0.0,0.0,14946,1.00,7.5,0.0
11:31:58,4300,242.1,0,270.0,0.30,0.0,0.0,14946,1.00,7.5,0.0
11:31:58,4325,241.5,0,270.0,0.30,0.0,0.0,14946,1.00,7.5,0.0
11:31:58,4350,240.9,0,270.0,0.30,0.0,0.0,14946,1.00,7.5,0.0
11:31:58,4374,240.3,0,270.0,0.30,0.0,0.0,14946,1.00,7.5,0.0
11:31:58,4399,239.7,0,270.0,0.30,0.0,0.0,14946,1.00,7.5,0.0
11:31:59,4423,239.1,0,270.0,0.30,0.0,0.0,14946,1.00,7.5,0.0
11:31:59,4447,238.5,0,270.0,0.30,0.0,0.0,14946,1.00,7.5,0.0
11:31:59,4472,237.9,0,270.0,0.30,0.0,0.0,14946,1.00,7.5,0.0
11:31:59,4496,237.3,0,270.0,0.30,0.0,0.0,14945,1.00,7.5,0.0
11:31:59,4520,236.7,0,270.0,0.30,0.0,0.0,14945,1.00,7.5,0.0
11:31:59,4544,236.1,0,270.0,0.30,0.0,0.0,14945,1.00,7.5,0.0
11:31:59,4567,235.6,0,270.0,0.30,0.0,0.0,14945,1.00,7.5,0.0
11:31:59,4591,235.0,0,270.0,0.30,0.0,0.0,14945,1.00,7.5,0.0
11:31:59,4615,234.4,0,270.0,0.30,0.0,0.0,14945,1.00,7.5,0.0
11:31:59,4638,233.8,0,270.0,0.30,0.0,0.0,14945,1.00,7.5,0.0
11:32:00,4662,233.2,0,270.0,0.30,0.0,0.0,14945,1.00,7.5,0.0
11:32:00,4685,232.7,0,270.0,0.30,0.0,0.0,14945,1.00,7.5,0.0
11:32:00,4709,232.1,0,270.0,0.30,0.0,0.0,14945,1.00,7.5,0.0
11:32:00,4732,231.5,0,270.0,0.30,0.0,0.0,14945,1.00,7.5,0.0
11:32:00,4755,231.0,0,270.0,0.30,0.0,0.0,14945,1.00,7.5,0.0
11:32:00,4778,230.4,0,270.0,0.30,0.0,0.0,14945,1.00,7.5,0.0
11:32:00,4801,229.8,0,270.0,0.30,0.0,0.0,14945,1.00,7.5,0.0
11:32:00,4824,229.3,0,270.0,0.30,0.0,0.0,14945,1.00,7.5,0.0
11:32:00,4847,228.7,0,270.0,0.30,0.0,0.0,14945,1.00,7.5,0.0
11:32:00,4869,228.2,0,270.0,0.30,0.0,0.0,14945,1.00,7.5,0.0
11:32:01,4892,227.6,0,270.0,0.30,0.0,0.0,14945,1.00,7.5,0.0
11:32:01,4915,227.1,0,270.0,0.30,0.0,0.0,14945,1.00,7.5,0.0
11:32:01,4937,226.5,0,270.0,0.30,0.0,0.0,14945,1.00,7.5,0.0
11:32:01,4960,226.0,0,270.0,0.30,0.0,0.0,14944,1.00,7.5,0.0
11:32:01,4982,225.4,0,270.0,0.30,0.0,0.0,14944,1.00,7.5,0.0
11:32:01,5004,224.9,0,270.0,0.30,0.0,0.0,14944,1.00,7.5,0.0
11:32:01,5026,224.3,0,270.0,0.30,0.0,0.0,14944,1.00,7.5,0.0
11:32:01,5048,223.8,0,270.0,0.30,0.0,0.0,14944,1.00,7.5,0.0
11:32:01,5070,223.3,0,270.0,0.30,0.0,0.0,14944,1.00,7.5,0.0
11:32:01,5092,222.7,0,270.0,0.30,0.0,0.0,14944,1.00,7.5,0.0
11:32:02,5114,222.2,0,270.0,0.30,0.0,0.0,14944,1.00,7.5,0.0
11:32:02,5136,221.7,0,270.0,0.30,0.0,0.0,14944,1.00,7.5,0.0
11:32:02,5157,221.1,0,270.0,0.30,0.0,0.0,14944,1.00,7.5,0.0
11:32:02,5179,220.6,0,270.0,0.30,0.0,0.0,14944,1.00,7.5,0.0
11:32:02,5201,220.1,0,270.0,0.30,0.0,0.0,14944,1.00,7.5,0.0
11:32:02,5222,219.6,0,270.0,0.30,0.0,0.0,14944,1.00,7.5,0.0
11:32:02,5243,219.1,0,270.0,0.30,0.0,0.0,14944,1.00,7.5,0.0
11:32:02,5265,218.5,0,270.0,0.30,0.0,0.0,14944,1.00,7.5,0.0
11:32:02,5286,218.0,0,270.0,0.30,0.0,0.0,14944,1.00,7.5,0.0
11:32:02,5307,217.5,0,270.0,0.30,0.0,0.0,14944,1.00,7.5,0.0
11:32:03,5328,217.0,0,270.0,0.30,0.0,0.0,14944,1.00,7.5,0.0
11:32:03,5349,216.5,0,270.0,0.30,0.0,0.0,14944,1.00,7.5,0.0
11:32:03,5370,216.0,0,270.0,0.30,0.0,0.0,14943,1.00,7.5,0.0
11:32:03,5391,215.5,0,270.0,0.30,0.0,0.0,14943,1.00,7.5,0.0
11:32:03,5411,215.0,0,270.0,0.30,0.0,0.0,14943,1.00,7.5,0.0
11:32:03,5432,214.5,0,270.0,0.30,0.0,0.0,14943,1.00,7.5,0.0
11:32:03,5453,214.0,0,270.0,0.30,0.0,0.0,14943,1.00,7.5,0.0
11:32:03,5473,213.5,0,270.0,0.30,0.0,0.0,14943,1.00,7.5,0.0
11:32:03,5494,213.0,0,270.0,0.30,0.0,0.0,14943,1.00,7.5,0.0
11:32:04,5514,212.5,0,270.0,0.30,0.0,0.0,14943,1.00,7.5,0.0
11:32:04,5534,212.0,0,270.0,0.30,0.0,0.0,14943,1.00,7.5,0.0
11:32:04,5555,211.5,0,270.0,0.30,0.0,0.0,14943,1.00,7.5,0.0
11:32:04,5575,211.0,0,270.0,0.30,0.0,0.0,14943,1.00,7.5,0.0
11:32:04,5595,210.6,0,270.0,0.30,0.0,0.0,14943,1.00,7.5,0.0
11:32:04,5615,210.1,0,270.0,0.30,0.0,0.0,14943,1.00,7.5,0.0
11:32:04,5635,209.6,0,270.0,0.30,0.0,0.0,14943,1.00,7.5,0.0
11:32:04,5655,209.1,0,270.0,0.30,0.0,0.0,14943,1.00,7.5,0.0
11:32:04,5674,208.6,0,270.0,0.30,0.0,0.0,14943,1.00,7.5,0.0
11:32:04,5694,208.2,0,270.0,0.30,0.0,0.0,14943,1.00,7.5,0.0
11:32:05,5714,207.7,0,270.0,0.30,0.0,0.0,14943,1.00,7.5,0.0
11:32:05,5733,207.2,0,270.0,0.30,0.0,0.0,14943,1.00,7.5,0.0
11:32:05,5753,206.8,0,270.0,0.30,0.0,0.0,14943,1.00,7.5,0.0
11:32:05,5772,206.3,0,270.0,0.30,0.0,0.0,14942,1.00,7.5,0.0
11:32:05,5792,205.8,0,270.0,0.30,0.0,0.0,14942,1.00,7.5,0.0
11:32:05,5811,205.4,0,270.0,0.30,0.0,0.0,14942,1.00,7.5,0.0
11:32:05,5830,204.9,0,270.0,0.30,0.0,0.0,14942,1.00,7.5,0.0
11:32:05,5849,204.4,0,270.0,0.30,0.0,0.0,14942,1.00,7.5,0.0
11:32:05,5869,204.0,0,270.0,0.30,0.0,0.0,14942,1.00,7.5,0.0
11:32:05,5888,203.5,0,270.0,0.30,0.0,0.0,14942,1.00,7.5,0.0
11:32:06,5907,203.1,0,270.0,0.30,0.0,0.0,14942,1.00,7.5,0.0
11:32:06,5925,202.6,0,270.0,0.30,0.0,0.0,14942,1.00,7.5,0.0
11:32:06,5944,202.2,0,270.0,0.30,0.0,0.0,14942,1.00,7.5,0.0
11:32:06,5963,201.7,0,270.0,0.30,0.0,0.0,14942,1.00,7.5,0.0
11:32:06,5982,201.3,0,270.0,0.30,0.0,0.0,14942,1.00,7.5,0.0
11:32:06,6000,200.8,0,270.0,0.30,0.0,0.0,14942,1.00,7.5,0.0
11:32:06,6019,200.4,0,270.0,0.30,0.0,0.0,14942,1.00,7.5,0.0
11:32:06,6037,199.9,0,270.0,0.30,0.0,0.0,14942,1.00,7.5,0.0
11:32:06,6056,199.5,0,270.0,0.30,0.0,0.0,14942,1.00,7.5,0.0
11:32:06,6074,199.1,0,270.0,0.30,0.0,0.0,14942,1.00,7.5,0.0
11:32:07,6092,198.6,0,270.0,0.30,0.0,0.0,14942,1.00,7.5,0.0
11:32:07,6111,198.2,0,270.0,0.30,0.0,0.0,14942,1.00,7.5,0.0
11:32:07,6129,197.8,0,270.0,0.30,0.0,0.0,14941,1.00,7.5,0.0
11:32:07,6147,197.3,0,270.0,0.30,0.0,0.0,14941,1.00,7.5,0.0
11:32:07,6165,196.9,0,270.0,0.30,0.0,0.0,14941,1.00,7.5,0.0
11:32:07,6183,196.5,0,270.0,0.30,0.0,0.0,14941,1.00,7.5,0.0
11:32:07,6201,196.0,0,270.0,0.30,0.0,0.0,14941,1.00,7.5,0.0
11:32:07,6219,195.6,0,270.0,0.30,0.0,0.0,14941,1.00,7.5,0.0
11:32:07,6237,195.2,0,270.0,0.30,0.0,0.0,14941,1.00,7.5,0.0
11:32:07,6254,194.8,0,270.0,0.30,0.0,0.0,14941,1.00,7.5,0.0
11:32:08,6272,194.4,0,270.0,0.30,0.0,0.0,14941,1.00,7.5,0.0
11:32:08,6289,193.9,0,270.0,0.30,0.0,0.0,14941,1.00,7.5,0.0
11:32:08,6307,193.5,0,270.0,0.30,0.0,0.0,14941,1.00,7.5,0.0
11:32:08,6324,193.1,0,270.0,0.30,0.0,0.0,14941,1.00,7.5,0.0
11:32:08,6342,192.7,0,270.0,0.30,0.0,0.0,14941,1.00,7.5,0.0
11:32:08,6359,192.3,0,270.0,0.30,0.0,0.0,14941,1.00,7.5,0.0
11:32:08,6377,191.9,0,270.0,0.30,0.0,0.0,14941,1.00,7.5,0.0
11:32:08,6394,191.5,0,270.0,0.30,0.0,0.0,14941,1.00,7.5,0.0
11:32:08,6411,191.1,0,270.0,0.30,0.0,0.0,14941,1.00,7.5,0.0
11:32:09,6428,190.7,0,270.0,0.30,0.0,0.0,14941,1.00,7.5,0.0
11:32:09,6445,190.3,0,270.0,0.30,0.0,0.0,14941,1.00,7.5,0.0
11:32:09,6462,189.9,0,270.0,0.30,0.0,0.0,14940,1.00,7.5,0.0
11:32:09,6479,189.5,0,270.0,0.30,0.0,0.0,14940,1.00,7.5,0.0
11:32:09,6496,189.1,0,270.0,0.30,0.0,0.0,14940,1.00,7.5,0.0
11:32:09,6513,188.7,0,270.0,0.30,0.0,0.0,14940,1.00,7.5,0.0
11:32:09,6529,188.3,0,270.0,0.30,0.0,0.0,14940,1.00,7.5,0.0
11:32:09,6546,187.9,0,270.0,0.30,0.0,0.0,14940,1.00,7.5,0.0
11:32:09,6563,187.5,0,270.0,0.30,0.0,0.0,14940,1.00,7.5,0.0
11:32:09,6579,187.1,0,270.0,0.30,0.0,0.0,14940,1.00,7.5,0.0
11:32:10,6596,186.7,0,270.0,0.30,0.0,0.0,14940,1.00,7.5,0.0
11:32:10,6612,186.3,0,270.0,0.30,0.0,0.0,14940,1.00,7.5,0.0
11:32:10,6629,185.9,0,270.0,0.30,0.0,0.0,14940,1.00,7.5,0.0
11:32:10,6645,185.6,0,270.0,0.30,0.0,0.0,14940,1.00,7.5,0.0
11:32:10,6661,185.2,0,270.0,0.30,0.0,0.0,14940,1.00,7.5,0.0
11:32:10,6677,184.8,0,270.0,0.30,0.0,0.0,14940,1.00,7.5,0.0
11:32:10,6694,184.4,0,270.0,0.30,0.0,0.0,14940,1.00,7.5,0.0
11:32:10,6710,184.0,0,270.0,0.30,0.0,0.0,14940,1.00,7.5,0.0
11:32:10,6726,183.7,0,270.0,0.30,0.0,0.0,14940,1.00,7.5,0.0
11:32:10,6742,183.3,0,270.0,0.30,0.0,0.0,14940,1.00,7.5,0.0
11:32:11,6758,182.9,0,270.0,0.30,0.0,0.0,14940,1.00,7.5,0.0
11:32:11,6773,182.5,0,270.0,0.30,0.0,0.0,14940,1.00,7.5,0.0
11:32:11,6789,182.2,0,270.0,0.30,0.0,0.0,14939,1.00,7.5,0.0
11:32:11,6805,181.8,0,270.0,0.30,0.0,0.0,14939,1.00,7.5,0.0
11:32:11,6821,181.4,0,270.0,0.30,0.0,0.0,14939,1.00,7.5,0.0
11:32:11,6836,181.1,0,270.0,0.30,0.0,0.0,14939,1.00,7.5,0.0
11:32:11,6852,180.7,0,270.0,0.30,0.0,0.0,14939,1.00,7.5,0.0
11:32:11,6868,180.3,0,270.0,0.30,0.0,0.0,14939,1.00,7.5,0.0
11:32:11,6883,180.0,0,270.0,0.30,0.0,0.0,14939,1.00,7.5,0.0
11:32:11,6899,179.6,0,270.0,0.30,0.0,0.0,14939,1.00,7.5,0.0
11:32:12,6914,179.3,0,270.0,0.30,0.0,0.0,14939,1.00,7.5,0.0
11:32:12,6929,178.9,0,270.0,0.30,0.0,0.0,14939,1.00,7.5,0.0
11:32:12,6945,178.5,0,270.0,0.30,0.0,0.0,14939,1.00,7.5,0.0
11:32:12,6960,178.2,0,270.0,0.30,0.0,0.0,14939,1.00,7.5,0.0
11:32:12,6975,177.8,0,270.0,0.30,0.0,0.0,14939,1.00,7.5,0.0
11:32:12,6990,177.5,0,270.0,0.30,0.0,0.0,14939,1.00,7.5,0.0
11:32:12,7005,177.1,0,270.0,0.30,0.0,0.0,14939,1.00,7.5,0.0
11:32:12,7020,176.8,0,270.0,0.30,0.0,0.0,14939,1.00,7.5,0.0
11:32:12,7035,176.4,0,270.0,0.30,0.0,0.0,14939,1.00,7.5,0.0
11:32:13,7050,176.1,0,270.0,0.30,0.0,0.0,14939,1.00,7.5,0.0
11:32:13,7065,175.8,0,270.0,0.30,0.0,0.0,14939,1.00,7.5,0.0
11:32:13,7080,175.4,0,270.0,0.30,0.0,0.0,14938,1.00,7.5,0.0
11:32:13,7094,175.1,0,270.0,0.30,0.0,0.0,14938,1.00,7.5,0.0
11:32:13,7109,174.7,0,270.0,0.30,0.0,0.0,14938,1.00,7.5,0.0
11:32:13,7124,174.4,0,270.0,0.30,0.0,0.0,14938,1.00,7.5,0.0
11:32:13,7138,174.1,0,270.0,0.30,0.0,0.0,14938,1.00,7.5,0.0
11:32:13,7153,173.7,0,270.0,0.30,0.0,0.0,14938,1.00,7.5,0.0
11:32:13,7168,173.4,0,270.0,0.30,0.0,0.0,14938,1.00,7.5,0.0
11:32:13,7182,173.0,0,270.0,0.30,0.0,0.0,14938,1.00,7.5,0.0
11:32:14,7196,172.7,0,270.0,0.30,0.0,0.0,14938,1.00,7.5,0.0
11:32:14,7211,172.4,0,270.0,0.30,0.0,0.0,14938,1.00,7.5,0.0
11:32:14,7225,172.1,0,270.0,0.30,0.0,0.0,14938,1.00,7.5,0.0
11:32:14,7239,171.7,0,270.0,0.30,0.0,0.0,14938,1.00,7.5,0.0
11:32:14,7254,171.4,0,270.0,0.30,0.0,0.0,14938,1.00,7.5,0.0
11:32:14,7268,171.1,0,270.0,0.30,0.0,0.0,14938,1.00,7.5,0.0
11:32:14,7282,170.7,0,270.0,0.30,0.0,0.0,14938,1.00,7.5,0.0
11:32:14,7296,170.4,0,270.0,0.30,0.0,0.0,14938,1.00,7.5,0.0
11:32:14,7310,170.1,0,270.0,0.30,0.0,0.0,14938,1.00,7.5,0.0
11:32:14,7324,169.8,0,270.0,0.30,0.0,0.0,14938,1.00,7.5,0.0
11:32:15,7338,169.5,0,270.0,0.30,0.0,0.0,14938,1.00,7.5,0.0
11:32:15,7352,169.1,0,270.0,0.30,0.0,0.0,14938,1.00,7.5,0.0
11:32:15,7365,168.8,0,270.0,0.30,0.0,0.0,14937,1.00,7.5,0.0
11:32:15,7379,168.5,0,270.0,0.30,0.0,0.0,14937,1.00,7.5,0.0
11:32:15,7393,168.2,0,270.0,0.30,0.0,0.0,14937,1.00,7.5,0.0
11:32:15,7407,167.9,0,270.0,0.30,0.0,0.0,14937,1.00,7.5,0.0
11:32:15,7420,167.6,0,270.0,0.30,0.0,0.0,14937,1.00,7.5,0.0
11:32:15,7434,167.3,0,270.0,0.30,0.0,0.0,14937,1.00,7.5,0.0
11:32:15,7447,167.0,0,270.0,0.30,0.0,0.0,14937,1.00,7.5,0.0
11:32:15,7461,166.6,0,270.0,0.30,0.0,0.0,14937,1.00,7.5,0.0
11:32:16,7474,166.3,0,270.0,0.30,0.0,0.0,14937,1.00,7.5,0.0
11:32:16,7488,166.0,0,270.0,0.30,0.0,0.0,14937,1.00,7.5,0.0
11:32:16,7501,165.7,0,270.0,0.30,0.0,0.0,14937,1.00,7.5,0.0
11:32:16,7514,165.4,0,270.0,0.30,0.0,0.0,14937,1.00,7.5,0.0
11:32:16,7528,165.1,0,270.0,0.30,0.0,0.0,14937,1.00,7.5,0.0
11:32:16,7541,164.8,0,270.0,0.30,0.0,0.0,14937,1.00,7.5,0.0
11:32:16,7554,164.5,0,270.0,0.30,0.0,0.0,14937,1.00,7.5,0.0
11:32:16,7567,164.2,0,270.0,0.30,0.0,0.0,14937,1.00,7.5,0.0
11:32:16,7580,163.9,0,270.0,0.30,0.0,0.0,14937,1.00,7.5,0.0
11:32:16,7593,163.6,0,270.0,0.30,0.0,0.0,14937,1.00,7.5,0.0
11:32:17,7606,163.3,0,270.0,0.30,0.0,0.0,14937,1.00,7.5,0.0
11:32:17,7619,163.1,0,270.0,0.30,0.0,0.0,14936,1.00,7.5,0.0
11:32:17,7632,162.8,0,270.0,0.30,0.0,0.0,14936,1.00,7.5,0.0
11:32:17,7645,162.5,0,270.0,0.30,0.0,0.0,14936,1.00,7.5,0.0
11:32:17,7658,162.2,0,270.0,0.30,0.0,0.0,14936,1.00,7.5,0.0
11:32:17,7671,161.9,0,270.0,0.30,0.0,0.0,14936,1.00,7.5,0.0
11:32:17,7683,161.6,0,270.0,0.30,0.0,0.0,14936,1.00,7.5,0.0
11:32:17,7696,161.3,0,270.0,0.30,0.0,0.0,14936,1.00,7.5,0.0
11:32:17,7709,161.0,0,270.0,0.30,0.0,0.0,14936,1.00,7.5,0.0
11:32:17,7721,160.7,0,270.0,0.30,0.0,0.0,14936,1.00,7.5,0.0
11:32:18,7734,160.5,0,270.0,0.30,0.0,0.0,14936,1.00,7.5,0.0
11:32:18,7747,160.2,0,270.0,0.30,0.0,0.0,14936,1.00,7.5,0.0
11:32:18,7759,159.9,0,270.0,0.30,0.0,0.0,14936,1.00,7.5,0.0
11:32:18,7771,159.6,0,270.0,0.30,0.0,0.0,14936,1.00,7.5,0.0
11:32:18,7784,159.3,0,270.0,0.30,0.0,0.0,14936,1.00,7.5,0.0
11:32:18,7796,159.1,0,270.0,0.30,0.0,0.0,14936,1.00,7.5,0.0
11:32:18,7809,158.8,0,270.0,0.30,0.0,0.0,14936,1.00,7.5,0.0
11:32:18,7821,158.5,0,270.0,0.30,0.0,0.0,14936,1.00,7.5,0.0
11:32:18,7833,158.2,0,270.0,0.30,0.0,0.0,14936,1.00,7.5,0.0
11:32:19,7845,158.0,0,270.0,0.30,0.0,0.0,14936,1.00,7.5,0.0
11:32:19,7857,157.7,0,270.0,0.30,0.0,0.0,14936,1.00,7.5,0.0
11:32:19,7870,157.4,0,270.0,0.30,0.0,0.0,14935,1.00,7.5,0.0
11:32:19,7882,157.2,0,270.0,0.30,0.0,0.0,14935,1.00,7.5,0.0
11:32:19,7894,156.9,0,270.0,0.30,0.0,0.0,14935,1.00,7.5,0.0
11:32:19,7906,156.6,0,270.0,0.30,0.0,0.0,14935,1.00,7.5,0.0
11:32:19,7918,156.4,0,270.0,0.30,0.0,0.0,14935,1.00,7.5,0.0
11:32:19,7929,156.1,0,270.0,0.30,0.0,0.0,14935,1.00,7.5,0.0
11:32:19,7941,155.8,0,270.0,0.30,0.0,0.0,14935,1.00,7.5,0.0
11:32:19,7953,155.6,0,270.0,0.30,0.0,0.0,14935,1.00,7.5,0.0
11:32:20,7965,155.3,0,270.0,0.30,0.0,0.0,14935,1.00,7.5,0.0
11:32:20,7977,155.0,0,270.0,0.30,0.0,0.0,14935,1.00,7.5,0.0
11:32:20,7988,154.8,0,270.0,0.30,0.0,0.0,14935,1.00,7.5,0.0
11:32:20,8000,154.5,0,270.0,0.30,0.0,0.0,14935,1.00,7.5,0.0
11:32:20,8012,154.3,0,270.0,0.30,0.0,0.0,14935,1.00,7.5,0.0
11:32:20,8023,154.0,0,270.0,0.30,0.0,0.0,14935,1.00,7.5,0.0
11:32:20,8035,153.7,0,270.0,0.30,0.0,0.0,14935,1.00,7.5,0.0
11:32:20,8046,153.5,0,270.0,0.30,0.0,0.0,14935,1.00,7.5,0.0
11:32:20,8058,153.2,0,270.0,0.30,0.0,0.0,14935,1.00,7.5,0.0
11:32:20,8069,153.0,0,270.0,0.30,0.0,0.0,14935,1.00,7.5,0.0
11:32:21,8081,152.7,0,270.0,0.30,0.0,0.0,14935,1.00,7.5,0.0
11:32:21,8092,152.5,0,270.0,0.30,0.0,0.0,14934,1.00,7.5,0.0
11:32:21,8104,152.2,0,270.0,0.30,0.0,0.0,14934,1.00,7.5,0.0
11:32:21,8115,152.0,0,270.0,0.30,0.0,0.0,14934,1.00,7.5,0.0
11:32:21,8126,151.7,0,270.0,0.30,0.0,0.0,14934,1.00,7.5,0.0
11:32:21,8137,151.5,0,270.0,0.30,0.0,0.0,14934,1.00,7.5,0.0
11:32:21,8148,151.2,0,270.0,0.30,0.0,0.0,14934,1.00,7.5,0.0
11:32:21,8160,151.0,0,270.0,0.30,0.0,0.0,14934,1.00,7.5,0.0
11:32:21,8171,150.8,0,270.0,0.30,0.0,0.0,14934,1.00,7.5,0.0
11:32:21,8182,150.5,0,270.0,0.30,0.0,0.0,14934,1.00,7.5,0.0
11:32:22,8193,150.3,0,270.0,0.30,0.0,0.0,14934,1.00,7.5,0.0
11:32:22,8204,150.0,0,270.0,0.30,0.0,0.0,14934,1.00,7.5,0.0
11:32:22,8215,149.8,0,270.0,0.30,0.0,0.0,14934,1.00,7.5,0.0
11:32:22,8226,149.5,0,270.0,0.30,0.0,0.0,14934,1.00,7.5,0.0
11:32:22,8237,149.3,0,270.0,0.30,0.0,0.0,14934,1.00,7.5,0.0
11:32:22,8248,149.1,0,270.0,0.30,0.0,0.0,14934,1.00,7.5,0.0
11:32:22,8258,148.8,0,270.0,0.30,0.0,0.0,14934,1.00,7.5,0.0
11:32:22,8269,148.6,0,270.0,0.30,0.0,0.0,14934,1.00,7.5,0.0
11:32:22,8280,148.4,0,270.0,0.30,0.0,0.0,14934,1.00,7.5,0.0
11:32:22,8291,148.1,0,270.0,0.30,0.0,0.0,14934,1.00,7.5,0.0
11:32:23,8301,147.9,0,270.0,0.30,0.0,0.0,14934,1.00,7.5,0.0
11:32:23,8312,147.7,0,270.0,0.30,0.0,0.0,14933,1.00,7.5,0.0
11:32:23,8323,147.4,0,270.0,0.30,0.0,0.0,14933,1.00,7.5,0.0
11:32:23,8333,147.2,0,270.0,0.30,0.0,0.0,14933,1.00,7.5,0.0
11:32:23,8344,147.0,0,270.0,0.30,0.0,0.0,14933,1.00,7.5,0.0
11:32:23,8354,146.7,0,270.0,0.30,0.0,0.0,14933,1.00,7.5,0.0
11:32:23,8365,146.5,0,270.0,0.30,0.0,0.0,14933,1.00,7.5,0.0
11:32:23,8375,146.3,0,270.0,0.30,0.0,0.0,14933,1.00,7.5,0.0
11:32:23,8386,146.1,0,270.0,0.30,0.0,0.0,14933,1.00,7.5,0.0
11:32:23,8396,145.8,0,270.0,0.30,0.0,0.0,14933,1.00,7.5,0.0
11:32:24,8406,145.6,0,270.0,0.30,0.0,0.0,14933,1.00,7.5,0.0
11:32:24,8417,145.4,0,270.0,0.30,0.0,0.0,14933,1.00,7.5,0.0
11:32:24,8427,145.2,0,270.0,0.30,0.0,0.0,14933,1.00,7.5,0.0
11:32:24,8437,145.0,0,270.0,0.30,0.0,0.0,14933,1.00,7.5,0.0
11:32:24,8447,144.7,0,270.0,0.30,0.0,0.0,14933,1.00,7.5,0.0
11:32:24,8457,144.5,0,270.0,0.30,0.0,0.0,14933,1.00,7.5,0.0
11:32:24,8468,144.3,0,270.0,0.30,0.0,0.0,14933,1.00,7.5,0.0
11:32:24,8478,144.1,0,270.0,0.30,0.0,0.0,14933,1.00,7.5,0.0
11:32:24,8488,143.9,0,270.0,0.30,0.0,0.0,14933,1.00,7.5,0.0
11:32:25,8498,143.7,0,270.0,0.30,0.0,0.0,14933,1.00,7.5,0.0
11:32:25,8508,143.4,0,270.0,0.30,0.0,0.0,14932,1.00,7.5,0.0
11:32:25,8518,143.2,0,270.0,0.30,0.0,0.0,14932,1.00,7.5,0.0
11:32:25,8528,143.0,0,270.0,0.30,0.0,0.0,14932,1.00,7.5,0.0
11:32:25,8538,142.8,0,270.0,0.30,0.0,0.0,14932,1.00,7.5,0.0
11:32:25,8548,142.6,0,270.0,0.30,0.0,0.0,14932,1.00,7.5,0.0
11:32:25,8557,142.4,0,270.0,0.30,0.0,0.0,14932,1.00,7.5,0.0
11:32:25,8567,142.2,0,270.0,0.30,0.0,0.0,14932,1.00,7.5,0.0
11:32:25,8577,142.0,0,270.0,0.30,0.0,0.0,14932,1.00,7.5,0.0
11:32:25,8587,141.8,0,270.0,0.30,0.0,0.0,14932,1.00,7.5,0.0
11:32:26,8597,141.5,0,270.0,0.30,0.0,0.0,14932,1.00,7.5,0.0
11:32:26,8606,141.3,0,270.0,0.30,0.0,0.0,14932,1.00,7.5,0.0
11:32:26,8616,141.1,0,270.0,0.30,0.0,0.0,14932,1.00,7.5,0.0
11:32:26,8626,140.9,0,270.0,0.30,0.0,0.0,14932,1.00,7.5,0.0
11:32:26,8635,140.7,0,270.0,0.30,0.0,0.0,14932,1.00,7.5,0.0
11:32:26,8645,140.5,0,270.0,0.30,0.0,0.0,14932,1.00,7.5,0.0
11:32:26,8654,140.3,0,270.0,0.30,0.0,0.0,14932,1.00,7.5,0.0
11:32:26,8664,140.1,0,270.0,0.30,0.0,0.0,14932,1.00,7.5,0.0
11:32:26,8673,139.9,0,270.0,0.30,0.0,0.0,14932,1.00,7.5,0.0
11:32:26,8683,139.7,0,270.0,0.30,0.0,0.0,14932,1.00,7.5,0.0
11:32:27,8692,139.5,0,270.0,0.30,0.0,0.0,14932,1.00,7.5,0.0
11:32:27,8702,139.3,0,270.0,0.30,0.0,0.0,14931,1.00,7.5,0.0
11:32:27,8711,139.1,0,270.0,0.30,0.0,0.0,14931,1.00,7.5,0.0
11:32:27,8720,138.9,0,270.0,0.30,0.0,0.0,14931,1.00,7.5,0.0
11:32:27,8730,138.7,0,270.0,0.30,0.0,0.0,14931,1.00,7.5,0.0
11:32:27,8734,138.5,0,270.0,0.30,0.0,0.0,14931,1.00,7.5,0.0
11:32:27,8738,138.3,0,270.0,0.30,0.0,0.0,14931,1.00,7.5,0.0
11:32:27,8742,138.1,0,270.0,0.30,0.0,0.0,14931,1.00,7.5,0.0
11:32:27,8747,138.0,0,270.0,0.30,0.0,0.0,14931,1.00,7.5,0.0
11:32:27,8751,137.8,0,270.0,0.30,0.0,0.0,14931,1.00,7.5,0.0
11:32:28,8755,137.6,0,270.0,0.30,0.0,0.0,14931,1.00,7.5,0.0
11:32:28,8759,137.4,0,270.0,0.30,0.0,0.0,14931,1.00,7.5,0.0
11:32:28,8763,137.2,0,270.0,0.30,0.0,0.0,14931,1.00,7.5,0.0
11:32:28,8767,137.0,0,270.0,0.30,0.0,0.0,14931,1.00,7.5,0.0
11:32:28,8771,136.8,0,270.0,0.30,0.0,0.0,14931,1.00,7.5,0.0
11:32:28,8775,136.6,0,270.0,0.30,0.0,0.0,14931,1.00,7.5,0.0
11:32:28,8779,136.4,0,270.0,0.30,0.0,0.0,14931,1.00,7.5,0.0
11:32:28,8783,136.3,0,270.0,0.30,0.0,0.0,14931,1.00,7.5,0.0
11:32:28,8787,136.1,0,270.0,0.30,0.0,0.0,14931,1.00,7.5,0.0
11:32:28,8791,135.9,0,270.0,0.30,0.0,0.0,14931,1.00,7.5,0.0
11:32:29,8795,135.7,0,270.0,0.30,0.0,0.0,14930,1.00,7.5,0.0
11:32:29,8799,135.5,0,270.0,0.30,0.0,0.0,14930,1.00,7.5,0.0
11:32:29,8802,135.3,0,270.0,0.30,0.0,0.0,14930,1.00,7.5,0.0
11:32:29,8806,135.2,0,270.0,0.30,0.0,0.0,14930,1.00,7.5,0.0
11:32:29,8810,135.0,0,270.0,0.30,0.0,0.0,14930,1.00,7.5,0.0
11:32:29,8814,134.8,0,270.0,0.30,0.0,0.0,14930,1.00,7.5,0.0
11:32:29,8817,134.6,0,270.0,0.30,0.0,0.0,14930,1.00,7.5,0.0
11:32:29,8821,134.4,0,270.0,0.30,0.0,0.0,14930,1.00,7.5,0.0
11:32:29,8825,134.3,0,270.0,0.30,0.0,0.0,14930,1.00,7.5,0.0
11:32:30,8828,134.1,0,270.0,0.30,0.0,0.0,14930,1.00,7.5,0.0
11:32:30,8832,133.9,0,270.0,0.30,0.0,0.0,14930,1.00,7.5,0.0
11:32:30,8835,133.7,0,270.0,0.30,0.0,0.0,14930,1.00,7.5,0.0
11:32:30,8839,133.6,0,270.0,0.30,0.0,0.0,14930,1.00,7.5,0.0
11:32:30,8842,133.4,0,270.8,0.30,0.0,0.0,14930,1.00,7.5,0.0
11:32:30,8846,133.2,0,271.5,0.30,0.0,0.0,14930,1.00,7.5,0.0
11:32:30,8849,133.0,0,272.2,0.30,0.0,0.0,14930,1.00,7.5,0.0
11:32:30,8853,132.9,0,273.0,0.30,0.0,0.0,14930,1.00,7.5,0.0
11:32:30,8856,132.7,0,273.8,0.30,0.0,0.0,14930,1.00,7.5,0.0
11:32:30,8860,132.5,0,274.5,0.30,0.0,0.0,14930,1.00,7.5,0.0
11:32:31,8863,132.4,0,275.2,0.30,0.0,0.0,14930,1.00,7.5,0.0
11:32:31,8866,132.2,0,276.0,0.30,0.0,0.0,14929,1.00,7.5,0.0
11:32:31,8870,132.0,0,276.8,0.30,0.0,0.0,14929,1.00,7.5,0.0
11:32:31,8873,131.8,0,277.5,0.30,0.0,0.0,14929,1.00,7.5,0.0
11:32:31,8876,131.7,0,278.2,0.30,0.0,0.0,14929,1.00,7.5,0.0
11:32:31,8879,131.5,0,279.0,0.30,0.0,0.0,14929,1.00,7.5,0.0
11:32:31,8882,131.3,0,279.8,0.30,0.0,0.0,14929,1.00,7.5,0.0
11:32:31,8886,131.2,0,280.5,0.30,0.0,0.0,14929,1.00,7.5,0.0
11:32:31,8889,131.0,0,281.2,0.30,0.0,0.0,14929,1.00,7.5,0.0
11:32:31,8892,130.9,0,282.0,0.30,0.0,0.0,14929,1.00,7.5,0.0
11:32:32,8895,130.7,0,282.8,0.30,0.0,0.0,14929,1.00,7.5,0.0
11:32:32,8898,130.5,0,283.5,0.30,0.0,0.0,14929,1.00,7.5,0.0
11:32:32,8901,130.4,0,284.2,0.30,0.0,0.0,14929,1.00,7.5,0.0
11:32:32,8904,130.2,0,285.0,0.30,0.0,0.0,14929,1.00,7.5,0.0
11:32:32,8907,130.0,0,285.8,0.30,0.0,0.0,14929,1.00,7.5,0.0
11:32:32,8902,129.9,0,286.5,0.30,0.0,0.0,14929,1.00,7.5,0.0
11:32:32,8897,129.7,0,287.2,0.30,0.0,0.0,14929,1.00,7.5,0.0
11:32:32,8891,129.6,0,287.6,0.30,0.0,0.0,14929,1.00,7.5,0.0
11:32:32,8885,129.4,0,288.0,0.30,0.0,0.0,14929,1.00,7.5,0.0
11:32:32,8879,129.2,0,288.4,0.30,0.0,0.0,14929,1.00,7.5,0.0
11:32:33,8873,129.1,0,288.8,0.30,0.0,0.0,14928,1.00,7.5,0.0
11:32:33,8866,128.9,0,289.1,0.30,0.0,0.0,14928,1.00,7.5,0.0
11:32:33,8860,128.8,0,289.5,0.30,0.0,0.0,14928,1.00,7.5,0.0
11:32:33,8854,128.6,0,289.9,0.30,0.0,0.0,14928,1.00,7.5,0.0
11:32:33,8848,128.5,0,290.2,0.30,0.0,0.0,14928,1.00,7.5,0.0
11:32:33,8842,128.3,0,290.6,0.30,0.0,0.0,14928,1.00,7.5,0.0
11:32:33,8836,128.2,0,291.0,0.30,0.0,0.0,14928,1.00,7.5,0.0
11:32:33,8829,128.0,0,291.4,0.30,0.0,0.0,14928,1.00,7.5,0.0
11:32:33,8823,127.9,0,291.8,0.30,0.0,0.0,14928,1.00,7.5,0.0
11:32:33,8817,127.7,0,292.1,0.30,0.0,0.0,14928,1.00,7.5,0.0
11:32:34,8811,127.6,0,292.5,0.30,0.0,0.0,14928,1.00,7.5,0.0
11:32:34,8805,127.4,0,292.9,0.30,0.0,0.0,14928,1.00,7.5,0.0
11:32:34,8799,127.3,0,293.2,0.30,0.0,0.0,14928,1.00,7.5,0.0
11:32:34,8792,127.1,0,293.6,0.30,0.0,0.0,14928,1.00,7.5,0.0
11:32:34,8786,127.0,0,294.0,0.30,0.0,0.0,14928,1.00,7.5,0.0
11:32:34,8780,126.8,0,294.4,0.30,0.0,0.0,14928,1.00,7.5,0.0
11:32:34,8774,126.7,0,294.8,0.30,0.0,0.0,14928,1.00,7.5,0.0
11:32:34,8768,126.5,0,295.1,0.30,0.0,0.0,14928,1.00,7.5,0.0
11:32:34,8762,126.4,0,295.5,0.30,0.0,0.0,14928,1.00,7.5,0.0
11:32:34,8755,126.2,0,295.9,0.30,0.0,0.0,14927,1.00,7.5,0.0
11:32:35,8749,126.1,0,296.2,0.30,0.0,0.0,14927,1.00,7.5,0.0
11:32:35,8743,125.9,0,296.6,0.30,0.0,0.0,14927,1.00,7.5,0.0
11:32:35,8737,125.8,0,297.0,0.30,0.0,0.0,14927,1.00,7.5,0.0
11:32:35,8731,125.6,0,297.4,0.30,0.0,0.0,14927,1.00,7.5,0.0
11:32:35,8725,125.5,0,297.8,0.30,0.0,0.0,14927,1.00,7.5,0.0
11:32:35,8718,125.4,0,298.1,0.30,0.0,0.0,14927,1.00,7.5,0.0
11:32:35,8712,125.1,0,298.5,0.20,0.0,0.0,14927,1.00,7.5,0.0
11:32:35,8706,124.8,0,298.9,0.20,0.0,0.0,14927,1.00,7.5,0.0
11:32:35,8700,124.6,0,299.2,0.20,0.0,0.0,14927,1.00,7.5,0.0
11:32:35,8694,124.3,0,299.6,0.20,0.0,0.0,14927,1.00,7.5,0.0
11:32:36,8688,124.1,0,300.0,0.20,0.0,0.0,14927,1.00,7.5,0.0
11:32:36,8681,123.7,0,300.4,0.10,0.0,0.0,14927,1.00,7.5,0.0
11:32:36,8675,123.3,0,300.8,0.10,0.0,0.0,14927,1.00,7.5,0.0
11:32:36,8669,122.9,0,301.1,0.10,0.0,0.0,14927,1.00,7.5,0.0
11:32:36,8663,122.6,0,301.5,0.10,0.0,0.0,14927,1.00,7.5,0.0
11:32:36,8657,122.2,0,301.9,0.10,0.0,0.0,14927,1.00,7.5,0.0
11:32:36,8651,121.8,0,302.2,0.10,0.0,0.0,14927,1.00,7.5,0.0
11:32:36,8644,121.5,0,302.6,0.10,0.0,0.0,14927,1.00,7.5,0.0
11:32:36,8638,121.1,0,303.0,0.10,0.0,0.0,14927,1.00,7.5,0.0
11:32:36,8632,120.7,0,303.4,0.10,0.0,0.0,14927,1.00,7.5,0.0
11:32:37,8626,120.4,0,303.8,0.10,0.0,0.0,14927,1.00,7.5,0.0
11:32:37,8620,120.0,0,304.1,0.10,0.0,0.0,14927,1.00,7.5,0.0
11:32:37,8614,119.6,0,304.5,0.10,0.0,0.0,14927,1.00,7.5,0.0
11:32:37,8607,119.3,0,304.9,0.10,0.0,0.0,14927,1.00,7.5,0.0
11:32:37,8601,118.9,0,305.2,0.10,0.0,0.0,14927,1.00,7.5,0.0
11:32:37,8595,118.6,0,305.6,0.10,0.0,0.0,14927,1.00,7.5,0.0
11:32:37,8589,118.2,0,306.0,0.10,0.0,0.0,14927,1.00,7.5,0.0
11:32:37,8583,117.9,0,306.4,0.10,0.0,0.0,14927,1.00,7.5,0.0
11:32:37,8577,117.5,0,306.8,0.10,0.0,0.0,14927,1.00,7.5,0.0
11:32:37,8570,117.2,0,307.1,0.10,0.0,0.0,14926,1.00,7.5,0.0
11:32:38,8564,116.8,0,307.5,0.10,0.0,0.0,14926,1.00,7.5,0.0
11:32:38,8558,116.5,0,307.9,0.10,0.0,0.0,14926,1.00,7.5,0.0
11:32:38,8552,116.1,0,308.2,0.10,0.0,0.0,14926,1.00,7.5,0.0
11:32:38,8546,115.8,0,308.6,0.10,0.0,0.0,14926,1.00,7.5,0.0
11:32:38,8540,115.4,0,309.0,0.10,0.0,0.0,14926,1.00,7.5,0.0
11:32:38,8533,115.1,0,309.4,0.10,0.0,0.0,14926,1.00,7.5,0.0
11:32:38,8527,114.8,0,309.8,0.10,0.0,0.0,14926,1.00,7.5,0.0
11:32:38,8521,114.4,0,310.1,0.10,0.0,0.0,14926,1.00,7.5,0.0
11:32:38,8515,114.1,0,310.5,0.10,0.0,0.0,14926,1.00,7.5,0.0
11:32:38,8509,113.7,0,310.9,0.10,0.0,0.0,14926,1.00,7.5,0.0
11:32:39,8503,113.4,0,311.2,0.10,0.0,0.0,14926,1.00,7.5,0.0
11:32:39,8496,113.1,0,311.6,0.10,0.0,0.0,14926,1.00,7.5,0.0
11:32:39,8490,112.7,0,312.0,0.10,0.0,0.0,14926,1.00,7.5,0.0
11:32:39,8484,112.4,0,312.4,0.10,0.0,0.0,14926,1.00,7.5,0.0
11:32:39,8478,112.1,0,312.8,0.10,0.0,0.0,14926,1.00,7.5,0.0
11:32:39,8472,111.8,0,313.1,0.10,0.0,0.0,14926,1.00,7.5,0.0
11:32:39,8466,111.4,0,313.5,0.10,0.0,0.0,14926,1.00,7.5,0.0
11:32:39,8459,111.1,0,313.9,0.10,0.0,0.0,14926,1.00,7.5,0.0
11:32:39,8453,110.8,0,314.2,0.10,0.0,0.0,14926,1.00,7.5,0.0
11:32:39,8447,110.5,0,314.6,0.10,0.0,0.0,14926,1.00,7.5,0.0
11:32:40,8441,110.1,0,315.0,0.10,0.0,0.0,14926,1.00,7.5,0.0
11:32:40,8435,109.8,0,315.4,0.10,0.0,0.0,14926,1.00,7.5,0.0
11:32:40,8429,109.5,0,315.8,0.10,0.0,0.0,14926,1.00,7.5,0.0
11:32:40,8422,109.2,0,316.1,0.10,0.0,0.0,14926,1.00,7.5,0.0
11:32:40,8416,108.9,0,316.5,0.10,0.0,0.0,14926,1.00,7.5,0.0
11:32:40,8410,108.5,0,316.9,0.10,0.0,0.0,14926,1.00,7.5,0.0
11:32:40,8404,108.2,0,317.2,0.10,0.0,0.0,14926,1.00,7.5,0.0
11:32:40,8398,107.9,0,317.6,0.10,0.0,0.0,14926,1.00,7.5,0.0
11:32:40,8392,107.6,0,318.0,0.10,0.0,0.0,14926,1.00,7.5,0.0
11:32:41,8385,107.3,0,318.4,0.10,0.0,0.0,14926,1.00,7.5,0.0
11:32:41,8379,107.0,0,318.8,0.10,0.0,0.0,14926,1.00,7.5,0.0
11:32:41,8373,106.7,0,319.1,0.10,0.0,0.0,14926,1.00,7.5,0.0
11:32:41,8367,106.4,0,319.5,0.10,0.0,0.0,14926,1.00,7.5,0.0
11:32:41,8361,106.1,0,319.9,0.10,0.0,0.0,14926,1.00,7.5,0.0
11:32:41,8355,105.8,0,320.2,0.10,0.0,0.0,14926,1.00,7.5,0.0
11:32:41,8348,105.5,0,320.6,0.10,0.0,0.0,14926,1.00,7.5,0.0
11:32:41,8342,105.2,0,321.0,0.10,0.0,0.0,14926,1.00,7.5,0.0
11:32:41,8336,104.9,0,321.4,0.10,0.0,0.0,14925,1.00,7.5,0.0
11:32:41,8330,104.6,0,321.8,0.10,0.0,0.0,14925,1.00,7.5,0.0
11:32:42,8324,104.3,0,322.1,0.10,0.0,0.0,14925,1.00,7.5,0.0
11:32:42,8318,104.0,0,322.5,0.10,0.0,0.0,14925,1.00,7.5,0.0
11:32:42,8311,103.7,0,322.9,0.10,0.0,0.0,14925,1.00,7.5,0.0
11:32:42,8305,103.4,0,323.2,0.10,0.0,0.0,14925,1.00,7.5,0.0
11:32:42,8299,103.1,0,323.6,0.10,0.0,0.0,14925,1.00,7.5,0.0
11:32:42,8293,102.8,0,324.0,0.10,0.0,0.0,14925,1.00,7.5,0.0
11:32:42,8287,102.5,0,324.4,0.10,0.0,0.0,14925,1.00,7.5,0.0
11:32:42,8281,102.2,0,324.8,0.10,0.0,0.0,14925,1.00,7.5,0.0
11:32:42,8274,101.9,0,325.1,0.10,0.0,0.0,14925,1.00,7.5,0.0
11:32:42,8268,101.6,0,325.5,0.10,0.0,0.0,14925,1.00,7.5,0.0
11:32:43,8262,101.3,0,325.9,0.10,0.0,0.0,14925,1.00,7.5,0.0
11:32:43,8256,101.1,0,326.2,0.10,0.0,0.0,14925,1.00,7.5,0.0
11:32:43,8250,100.8,0,326.6,0.10,0.0,0.0,14925,1.00,7.5,0.0
11:32:43,8244,100.5,0,327.0,0.10,0.0,0.0,14925,1.00,7.5,0.0
11:32:43,8237,100.2,0,327.4,0.10,0.0,0.0,14925,1.00,7.5,0.0
11:32:43,8231,99.9,0,327.8,0.10,0.0,0.0,14925,1.00,7.5,0.0
11:32:43,8225,99.6,0,328.1,0.10,0.0,0.0,14925,1.00,7.5,0.0
11:32:43,8219,99.4,0,328.5,0.10,0.0,0.0,14925,1.00,7.5,0.0
11:32:43,8213,99.1,0,328.9,0.10,0.0,0.0,14925,1.00,7.5,0.0
11:32:43,8207,98.8,0,329.2,0.10,0.0,0.0,14925,1.00,7.5,0.0
11:32:44,8200,98.5,0,329.6,0.10,0.0,0.0,14925,1.00,7.5,0.0
11:32:44,8194,98.3,0,330.0,0.10,0.0,0.0,14925,1.00,7.5,0.0
11:32:44,8188,98.0,0,330.4,0.10,0.0,0.0,14925,1.00,7.5,0.0
11:32:44,8182,97.7,0,330.8,0.10,0.0,0.0,14925,1.00,7.5,0.0
11:32:44,8176,97.4,0,331.1,0.10,0.0,0.0,14925,1.00,7.5,0.0
11:32:44,8170,97.2,0,331.5,0.10,0.0,0.0,14925,1.00,7.5,0.0
11:32:44,8163,96.9,0,331.9,0.10,0.0,0.0,14925,1.00,7.5,0.0
11:32:44,8157,96.6,0,332.2,0.10,0.0,0.0,14925,1.00,7.5,0.0
11:32:44,8151,96.4,0,332.6,0.10,0.0,0.0,14925,1.00,7.5,0.0
11:32:44,8145,96.1,0,333.0,0.10,0.0,0.0,14925,1.00,7.5,0.0
11:32:45,8139,95.8,0,333.4,0.10,0.0,0.0,14925,1.00,7.5,0.0
11:32:45,8133,95.6,0,333.8,0.10,0.0,0.0,14925,1.00,7.5,0.0
11:32:45,8126,95.3,0,334.1,0.10,0.0,0.0,14925,1.00,7.5,0.0
11:32:45,8120,95.1,0,334.5,0.10,0.0,0.0,14925,1.00,7.5,0.0
11:32:45,8114,94.8,0,334.9,0.10,0.0,0.0,14925,1.00,7.5,0.0
11:32:44,8108,94.5,0,335.2,0.10,0.0,0.0,14925,1.00,7.5,0.0
11:32:44,8102,94.3,0,335.6,0.10,0.0,0.0,14924,1.00,7.5,0.0
11:32:44,8096,94.0,0,336.0,0.10,0.0,0.0,14924,1.00,7.5,0.0
11:32:44,8089,93.8,0,336.4,0.10,0.0,0.0,14924,1.00,7.5,0.0
11:32:44,8083,93.5,0,336.8,0.10,0.0,0.0,14924,1.00,7.5,0.0
11:32:44,8077,93.3,0,337.1,0.10,0.0,0.0,14924,1.00,7.5,0.0
11:32:44,8071,93.0,0,337.5,0.10,0.0,0.0,14924,1.00,7.5,0.0
11:32:44,8065,92.8,0,337.9,0.10,0.0,0.0,14924,1.00,7.5,0.0
11:32:44,8059,92.5,0,338.2,0.10,0.0,0.0,14924,1.00,7.5,0.0
11:32:44,8052,92.3,0,338.6,0.10,0.0,0.0,14924,1.00,7.5,0.0
11:32:45,8046,92.0,0,339.0,0.10,0.0,0.0,14924,1.00,7.5,0.0
11:32:45,8040,91.8,0,339.4,0.10,0.0,0.0,14924,1.00,7.5,0.0
11:32:45,8034,91.5,0,339.8,0.10,0.0,0.0,14924,1.00,7.5,0.0
11:32:45,8028,91.3,0,340.1,0.10,0.0,0.0,14924,1.00,7.5,0.0
11:32:45,8022,91.0,0,340.5,0.10,0.0,0.0,14924,1.00,7.5,0.0
11:32:45,8015,90.8,0,340.9,0.10,0.0,0.0,14924,1.00,7.5,0.0
11:32:45,8009,90.5,0,341.2,0.10,0.0,0.0,14924,1.00,7.5,0.0
11:32:45,8003,90.3,0,341.6,0.10,0.0,0.0,14924,1.00,7.5,0.0
11:32:45,7997,90.0,0,342.0,0.10,0.0,0.0,14924,1.00,7.5,0.0
11:32:45,7991,89.8,0,342.4,0.10,0.0,0.0,14924,1.00,7.5,0.0
11:32:46,7985,89.6,0,342.8,0.10,0.0,0.0,14924,1.00,7.5,0.0
11:32:46,7978,89.3,0,343.1,0.10,0.0,0.0,14924,1.00,7.5,0.0
11:32:46,7972,89.1,0,343.5,0.10,0.0,0.0,14924,1.00,7.5,0.0
11:32:46,7966,88.9,0,343.9,0.10,0.0,0.0,14924,1.00,7.5,0.0
11:32:46,7960,88.6,0,344.2,0.10,0.0,0.0,14924,1.00,7.5,0.0
11:32:46,7954,88.4,0,344.6,0.10,0.0,0.0,14924,1.00,7.5,0.0
11:32:46,7948,88.2,0,345.0,0.10,0.0,0.0,14924,1.00,7.5,0.0
11:32:46,7941,87.9,0,345.4,0.10,0.0,0.0,14924,1.00,7.5,0.0
11:32:46,7935,87.7,0,345.8,0.10,0.0,0.0,14924,1.00,7.5,0.0
11:32:46,7929,87.5,0,346.1,0.10,0.0,0.0,14924,1.00,7.5,0.0
11:32:47,7923,87.2,0,346.5,0.10,0.0,0.0,14924,1.00,7.5,0.0
11:32:47,7917,87.0,0,346.9,0.10,0.0,0.0,14924,1.00,7.5,0.0
11:32:47,7911,86.8,0,347.2,0.10,0.0,0.0,14924,1.00,7.5,0.0
11:32:47,7904,86.5,0,347.6,0.10,0.0,0.0,14924,1.00,7.5,0.0
11:32:47,7898,86.3,0,348.0,0.10,0.0,0.0,14924,1.00,7.5,0.0
11:32:47,7892,86.1,0,348.4,0.10,0.0,0.0,14924,1.00,7.5,0.0
11:32:47,7886,85.9,0,348.8,0.10,0.0,0.0,14924,1.00,7.5,0.0
11:32:47,7880,85.6,0,349.1,0.10,0.0,0.0,14924,1.00,7.5,0.0
11:32:47,7874,85.4,0,349.5,0.10,0.0,0.0,14924,1.00,7.5,0.0
11:32:47,7867,85.2,0,349.9,0.10,0.0,0.0,14923,1.00,7.5,0.0
11:32:48,7861,85.0,0,350.2,0.10,0.0,0.0,14923,1.00,7.5,0.0
11:32:48,7855,84.8,0,350.6,0.10,0.0,0.0,14923,1.00,7.5,0.0
11:32:48,7849,84.5,0,351.0,0.10,0.0,0.0,14923,1.00,7.5,0.0
11:32:48,7843,84.3,0,351.4,0.10,0.0,0.0,14923,1.00,7.5,0.0
11:32:48,7837,84.1,0,351.8,0.10,0.0,0.0,14923,1.00,7.5,0.0
11:32:48,7830,83.9,0,352.1,0.10,0.0,0.0,14923,1.00,7.5,0.0
11:32:48,7824,83.7,0,352.5,0.10,0.0,0.0,14923,1.00,7.5,0.0
11:32:48,7818,83.5,0,352.9,0.10,0.0,0.0,14923,1.00,7.5,0.0
11:32:48,7812,83.2,0,353.2,0.10,0.0,0.0,14923,1.00,7.5,0.0
11:32:48,7806,83.0,0,353.6,0.10,0.0,0.0,14923,1.00,7.5,0.0
11:32:49,7800,82.8,0,354.0,0.10,0.0,0.0,14923,1.00,7.5,0.0
11:32:49,7793,82.6,0,354.4,0.10,0.0,0.0,14923,1.00,7.5,0.0
11:32:49,7787,82.4,0,354.8,0.10,0.0,0.0,14923,1.00,7.5,0.0
11:32:49,7781,82.2,0,355.1,0.10,0.0,0.0,14923,1.00,7.5,0.0
11:32:49,7775,82.0,0,355.5,0.10,0.0,0.0,14923,1.00,7.5,0.0
11:32:49,7769,81.8,0,355.9,0.10,0.0,0.0,14923,1.00,7.5,0.0
11:32:49,7763,81.6,0,356.2,0.10,0.0,0.0,14923,1.00,7.5,0.0
11:32:49,7756,81.4,0,356.6,0.10,0.0,0.0,14923,1.00,7.5,0.0
11:32:49,7750,81.2,0,357.0,0.10,0.0,0.0,14923,1.00,7.5,0.0
11:32:49,7744,80.9,0,357.4,0.10,0.0,0.0,14923,1.00,7.5,0.0
11:32:50,7738,80.7,0,357.8,0.10,0.0,0.0,14923,1.00,7.5,0.0
11:32:50,7732,80.5,0,358.1,0.10,0.0,0.0,14923,1.00,7.5,0.0
11:32:50,7726,80.3,0,358.5,0.10,0.0,0.0,14923,1.00,7.5,0.0
11:32:50,7719,80.1,0,358.9,0.10,0.0,0.0,14923,1.00,7.5,0.0
11:32:50,7713,79.9,0,359.2,0.10,0.0,0.0,14923,1.00,7.5,0.0
11:32:50,7707,79.7,0,359.6,0.10,0.0,0.0,14923,1.00,7.5,0.0
11:32:50,7701,79.5,0,0.0,0.10,0.0,0.0,14923,1.00,7.5,0.0
11:32:50,7695,79.3,0,0.4,0.10,0.0,0.0,14923,1.00,7.5,0.0
11:32:50,7689,79.1,0,0.8,0.10,0.0,0.0,14923,1.00,7.5,0.0
11:32:50,7682,78.9,0,1.1,0.10,0.0,0.0,14923,1.00,7.5,0.0
11:32:51,7676,78.7,0,1.5,0.10,0.0,0.0,14923,1.00,7.5,0.0
11:32:51,7670,78.6,0,1.9,0.10,0.0,0.0,14923,1.00,7.5,0.0
11:32:51,7664,78.4,0,2.2,0.10,0.0,0.0,14923,1.00,7.5,0.0
11:32:51,7658,78.2,0,2.6,0.10,0.0,0.0,14923,1.00,7.5,0.0
11:32:51,7652,78.0,0,3.0,0.10,0.0,0.0,14923,1.00,7.5,0.0
11:32:51,7645,77.8,0,3.4,0.10,0.0,0.0,14923,1.00,7.5,0.0
11:32:51,7639,77.6,0,3.8,0.10,0.0,0.0,14923,1.00,7.5,0.0
11:32:51,7633,77.4,0,4.1,0.10,0.0,0.0,14922,1.00,7.5,0.0
11:32:51,7627,77.2,0,4.5,0.10,0.0,0.0,14922,1.00,7.5,0.0
11:32:51,7621,77.0,0,4.9,0.10,0.0,0.0,14922,1.00,7.5,0.0
11:32:52,7615,76.8,0,5.2,0.10,0.0,0.0,14922,1.00,7.5,0.0
11:32:52,7608,76.6,0,5.6,0.10,0.0,0.0,14922,1.00,7.5,0.0
11:32:52,7602,76.5,0,6.0,0.10,0.0,0.0,14922,1.00,7.5,0.0
11:32:52,7596,76.3,0,6.4,0.10,0.0,0.0,14922,1.00,7.5,0.0
11:32:52,7590,76.1,0,6.8,0.10,0.0,0.0,14922,1.00,7.5,0.0
11:32:52,7584,75.9,0,7.1,0.10,0.0,0.0,14922,1.00,7.5,0.0
11:32:52,7578,75.7,0,7.5,0.10,0.0,0.0,14922,1.00,7.5,0.0
11:32:52,7571,75.5,0,7.9,0.10,0.0,0.0,14922,1.00,7.5,0.0
11:32:52,7565,75.4,0,8.2,0.10,0.0,0.0,14922,1.00,7.5,0.0
11:32:52,7559,75.2,0,8.6,0.10,0.0,0.0,14922,1.00,7.5,0.0
11:32:53,7553,75.0,0,9.0,0.10,0.0,0.0,14922,1.00,7.5,0.0
11:32:53,7547,74.8,0,9.4,0.10,0.0,0.0,14922,1.00,7.5,0.0
11:32:53,7541,74.6,0,9.8,0.10,0.0,0.0,14922,1.00,7.5,0.0
11:32:53,7534,74.5,0,10.1,0.10,0.0,0.0,14922,1.00,7.5,0.0
11:32:53,7528,74.3,0,10.5,0.10,0.0,0.0,14922,1.00,7.5,0.0
11:32:53,7522,74.1,0,10.9,0.10,0.0,0.0,14922,1.00,7.5,0.0
11:32:53,7516,73.9,0,11.2,0.10,0.0,0.0,14922,1.00,7.5,0.0
11:32:53,7510,73.7,0,11.6,0.10,0.0,0.0,14922,1.00,7.5,0.0
11:32:53,7504,73.6,0,12.0,0.10,0.0,0.0,14922,1.00,7.5,0.0
11:32:53,7497,73.4,0,12.4,0.10,0.0,0.0,14922,1.00,7.5,0.0
11:32:54,7491,73.2,0,12.8,0.10,0.0,0.0,14922,1.00,7.5,0.0
11:32:54,7485,73.1,0,13.1,0.10,0.0,0.0,14922,1.00,7.5,0.0
11:32:54,7479,72.9,0,13.5,0.10,0.0,0.0,14922,1.00,7.5,0.0
11:32:54,7473,72.7,0,13.9,0.10,0.0,0.0,14922,1.00,7.5,0.0
11:32:54,7467,72.5,0,14.2,0.10,0.0,0.0,14922,1.00,7.5,0.0
11:32:54,7460,72.4,0,14.6,0.10,0.0,0.0,14922,1.00,7.5,0.0
11:32:54,7454,72.2,0,15.0,0.10,0.0,0.0,14922,1.00,7.5,0.0
11:32:54,7448,72.0,0,15.4,0.10,0.0,0.0,14922,1.00,7.5,0.0
11:32:54,7442,71.9,0,15.8,0.10,0.0,0.0,14922,1.00,7.5,0.0
11:32:54,7436,71.7,0,16.1,0.10,0.0,0.0,14922,1.00,7.5,0.0
11:32:55,7430,71.5,0,16.5,0.10,0.0,0.0,14922,1.00,7.5,0.0
11:32:55,7423,71.4,0,16.9,0.10,0.0,0.0,14922,1.00,7.5,0.0
11:32:55,7417,71.2,0,17.2,0.10,0.0,0.0,14922,1.00,7.5,0.0
11:32:55,7411,71.0,0,17.6,0.10,0.0,0.0,14922,1.00,7.5,0.0
11:32:55,7405,70.9,0,18.0,0.10,0.0,0.0,14922,1.00,7.5,0.0
11:32:55,7399,70.7,0,18.4,0.10,0.0,0.0,14921,1.00,7.5,0.0
11:32:55,7393,70.5,0,18.8,0.10,0.0,0.0,14921,1.00,7.5,0.0
11:32:55,7386,70.4,0,19.1,0.10,0.0,0.0,14921,1.00,7.5,0.0
11:32:55,7380,70.2,0,19.5,0.10,0.0,0.0,14921,1.00,7.5,0.0
11:32:56,7374,70.1,0,19.9,0.10,0.0,0.0,14921,1.00,7.5,0.0
11:32:56,7368,69.9,0,20.2,0.10,0.0,0.0,14921,1.00,7.5,0.0
11:32:56,7362,69.7,0,20.6,0.10,0.0,0.0,14921,1.00,7.5,0.0
11:32:56,7356,69.6,0,21.0,0.10,0.0,0.0,14921,1.00,7.5,0.0
11:32:56,7349,69.4,0,21.4,0.10,0.0,0.0,14921,1.00,7.5,0.0
11:32:56,7343,69.3,0,21.8,0.10,0.0,0.0,14921,1.00,7.5,0.0
11:32:56,7337,69.1,0,22.1,0.10,0.0,0.0,14921,1.00,7.5,0.0
11:32:56,7331,68.9,0,22.5,0.10,0.0,0.0,14921,1.00,7.5,0.0
11:32:56,7325,68.8,0,22.9,0.10,0.0,0.0,14921,1.00,7.5,0.0
11:32:56,7319,68.6,0,23.2,0.10,0.0,0.0,14921,1.00,7.5,0.0
11:32:57,7312,68.5,0,23.6,0.10,0.0,0.0,14921,1.00,7.5,0.0
11:32:57,7306,68.3,0,24.0,0.10,0.0,0.0,14921,1.00,7.5,0.0
11:32:57,7300,68.2,0,24.4,0.10,0.0,0.0,14921,1.00,7.5,0.0
11:32:57,7294,68.0,0,24.8,0.10,0.0,0.0,14921,1.00,7.5,0.0
11:32:57,7288,67.9,0,25.1,0.10,0.0,0.0,14921,1.00,7.5,0.0
11:32:57,7282,67.7,0,25.5,0.10,0.0,0.0,14921,1.00,7.5,0.0
11:32:57,7275,67.6,0,25.9,0.10,0.0,0.0,14921,1.00,7.5,0.0
11:32:57,7269,67.4,0,26.2,0.10,0.0,0.0,14921,1.00,7.5,0.0
11:32:57,7263,67.3,0,26.6,0.10,0.0,0.0,14921,1.00,7.5,0.0
11:32:57,7257,67.1,0,27.0,0.10,0.0,0.0,14921,1.00,7.5,0.0
11:32:58,7251,67.0,0,27.4,0.10,0.0,0.0,14921,1.00,7.5,0.0
11:32:58,7245,66.8,0,27.8,0.10,0.0,0.0,14921,1.00,7.5,0.0
11:32:58,7238,66.7,0,28.1,0.10,0.0,0.0,14921,1.00,7.5,0.0
11:32:58,7232,66.5,0,28.5,0.10,0.0,0.0,14921,1.00,7.5,0.0
11:32:58,7226,66.4,0,28.9,0.10,0.0,0.0,14921,1.00,7.5,0.0
11:32:58,7220,66.2,0,29.2,0.10,0.0,0.0,14921,1.00,7.5,0.0
11:32:58,7214,66.1,0,29.6,0.10,0.0,0.0,14921,1.00,7.5,0.0
11:32:58,7208,65.9,0,30.0,0.10,0.0,0.0,14921,1.00,7.5,0.0
11:32:58,7201,65.8,0,30.4,0.10,0.0,0.0,14921,1.00,7.5,0.0
11:32:58,7195,65.7,0,30.8,0.10,0.0,0.0,14921,1.00,7.5,0.0
11:32:59,7189,65.5,0,31.1,0.10,0.0,0.0,14921,1.00,7.5,0.0
11:32:59,7183,65.4,0,31.5,0.10,0.0,0.0,14921,1.00,7.5,0.0
11:32:59,7177,65.2,0,31.9,0.10,0.0,0.0,14921,1.00,7.5,0.0
11:32:59,7171,65.1,0,32.2,0.10,0.0,0.0,14921,1.00,7.5,0.0
11:32:59,7164,65.0,0,32.6,0.10,0.0,0.0,14920,1.00,7.5,0.0
11:32:59,7158,64.8,0,33.0,0.10,0.0,0.0,14920,1.00,7.5,0.0
11:32:59,7152,64.7,0,33.4,0.10,0.0,0.0,14920,1.00,7.5,0.0
11:32:59,7146,64.5,0,33.8,0.10,0.0,0.0,14920,1.00,7.5,0.0
11:32:59,7140,64.4,0,34.1,0.10,0.0,0.0,14920,1.00,7.5,0.0
11:32:59,7134,64.3,0,34.5,0.10,0.0,0.0,14920,1.00,7.5,0.0
11:33:00,7127,64.1,0,34.9,0.10,0.0,0.0,14920,1.00,7.5,0.0
11:33:00,7121,63.9,0,35.2,0.00,0.0,0.0,14920,1.00,7.5,0.0
11:33:00,7115,63.6,0,35.6,0.00,0.0,0.0,14920,1.00,7.5,0.0
11:33:00,7109,63.4,0,36.0,0.00,0.0,0.0,14920,1.00,7.5,0.0
11:33:00,7103,63.1,0,36.4,0.00,0.0,0.0,14920,1.00,7.5,0.0
11:33:00,7097,62.9,0,36.8,0.00,0.0,0.0,14920,1.00,7.5,0.0
11:33:00,7090,62.6,0,37.1,0.00,0.0,0.0,14920,1.00,7.5,0.0
11:33:00,7084,62.3,0,37.5,0.00,0.0,0.0,14920,1.00,7.5,0.0
11:33:00,7078,62.1,0,37.9,0.00,0.0,0.0,14920,1.00,7.5,0.0
11:33:00,7072,61.9,0,38.2,0.00,0.0,0.0,14920,1.00,7.5,0.0
11:33:01,7066,61.6,0,38.6,0.00,0.0,0.0,14920,1.00,7.5,0.0
11:33:01,7060,61.4,0,39.0,0.00,0.0,0.0,14920,1.00,7.5,0.0
11:33:01,7053,61.1,0,39.4,0.00,0.0,0.0,14920,1.00,7.5,0.0
11:33:01,7047,60.9,0,39.8,0.00,0.0,0.0,14920,1.00,7.5,0.0
11:33:01,7041,60.6,0,40.1,0.00,0.0,0.0,14920,1.00,7.5,0.0
11:33:01,7035,60.4,0,40.5,0.00,0.0,0.0,14920,1.00,7.5,0.0
11:33:01,7029,60.1,0,40.9,0.00,0.0,0.0,14920,1.00,7.5,0.0
11:33:01,7023,59.9,0,41.2,0.00,0.0,0.0,14920,1.00,7.5,0.0
11:33:01,7016,59.7,0,41.6,0.00,0.0,0.0,14920,1.00,7.5,0.0
11:33:01,7010,59.4,0,42.0,0.00,0.0,0.0,14920,1.00,7.5,0.0
11:33:02,7004,59.2,0,42.4,0.00,0.0,0.0,14920,1.00,7.5,0.0
11:33:02,6998,58.9,0,42.8,0.00,0.0,0.0,14920,1.00,7.5,0.0
11:33:02,6992,58.7,0,43.1,0.00,0.0,0.0,14920,1.00,7.5,0.0
11:33:02,6986,58.5,0,43.5,0.00,0.0,0.0,14920,1.00,7.5,0.0
11:33:02,6979,58.2,0,43.9,0.00,0.0,0.0,14920,1.00,7.5,0.0
11:33:02,6973,58.0,0,44.2,0.00,0.0,0.0,14920,1.00,7.5,0.0
11:33:02,6967,57.8,0,44.6,0.00,0.0,0.0,14920,1.00,7.5,0.0
11:33:02,6961,57.5,0,45.0,0.00,0.0,0.0,14920,1.00,7.5,0.0
11:33:02,6955,57.3,0,45.4,0.00,0.0,0.0,14920,1.00,7.5,0.0
11:33:02,6949,57.1,0,45.8,0.00,0.0,0.0,14920,1.00,7.5,0.0
11:33:03,6942,56.9,0,46.1,0.00,0.0,0.0,14920,1.00,7.5,0.0
11:33:03,6936,56.6,0,46.5,0.00,0.0,0.0,14920,1.00,7.5,0.0
11:33:03,6930,56.4,0,46.9,0.00,0.0,0.0,14920,1.00,7.5,0.0
11:33:03,6924,56.2,0,47.2,0.00,0.0,0.0,14920,1.00,7.5,0.0
11:33:03,6918,56.0,0,47.6,0.00,0.0,0.0,14920,1.00,7.5,0.0
11:33:03,6912,55.7,0,48.0,0.00,0.0,0.0,14920,1.00,7.5,0.0
11:33:03,6905,55.5,0,48.4,0.00,0.0,0.0,14920,1.00,7.5,0.0
11:33:03,6899,55.3,0,48.8,0.00,0.0,0.0,14920,1.00,7.5,0.0
11:33:03,6893,55.1,0,49.1,0.00,0.0,0.0,14920,1.00,7.5,0.0
11:33:03,6887,54.8,0,49.5,0.00,0.0,0.0,14920,1.00,7.5,0.0
11:33:04,6881,54.6,0,49.9,0.00,0.0,0.0,14920,1.00,7.5,0.0
11:33:04,6875,54.4,0,50.2,0.00,0.0,0.0,14920,1.00,7.5,0.0
11:33:04,6868,54.2,0,50.6,0.00,0.0,0.0,14920,1.00,7.5,0.0
11:33:04,6862,54.0,0,51.0,0.00,0.0,0.0,14920,1.00,7.5,0.0
11:33:04,6856,53.8,0,51.4,0.00,0.0,0.0,14920,1.00,7.5,0.0
11:33:04,6850,53.5,0,51.8,0.00,0.0,0.0,14920,1.00,7.5,0.0
11:33:04,6844,53.3,0,52.1,0.00,0.0,0.0,14920,1.00,7.5,0.0
11:33:04,6838,53.1,0,52.5,0.00,0.0,0.0,14920,1.00,7.5,0.0
11:33:04,6831,52.9,0,52.9,0.00,0.0,0.0,14920,1.00,7.5,0.0
11:33:04,6825,52.7,0,53.2,0.00,0.0,0.0,14920,1.00,7.5,0.0
11:33:05,6819,52.5,0,53.6,0.00,0.0,0.0,14920,1.00,7.5,0.0
11:33:05,6813,52.3,0,54.0,0.00,0.0,0.0,14920,1.00,7.5,0.0
11:33:05,6807,52.1,0,54.4,0.00,0.0,0.0,14920,1.00,7.5,0.0
11:33:05,6801,51.9,0,54.8,0.00,0.0,0.0,14920,1.00,7.5,0.0
11:33:05,6794,51.6,0,55.1,0.00,0.0,0.0,14920,1.00,7.5,0.0
11:33:05,6788,51.4,0,55.5,0.00,0.0,0.0,14920,1.00,7.5,0.0
11:33:05,6782,51.2,0,55.9,0.00,0.0,0.0,14920,1.00,7.5,0.0
11:33:05,6776,51.0,0,56.2,0.00,0.0,0.0,14920,1.00,7.5,0.0
11:33:05,6770,50.8,0,56.6,0.00,0.0,0.0,14920,1.00,7.5,0.0
11:33:05,6764,50.6,0,57.0,0.00,0.0,0.0,14919,1.00,7.5,0.0
11:33:06,6757,50.4,0,57.4,0.00,0.0,0.0,14919,1.00,7.5,0.0
11:33:06,6751,50.2,0,57.8,0.00,0.0,0.0,14919,1.00,7.5,0.0
11:33:06,6745,50.0,0,58.1,0.00,0.0,0.0,14919,1.00,7.5,0.0
11:33:06,6739,49.8,0,58.5,0.00,0.0,0.0,14919,1.00,7.5,0.0
11:33:06,6733,49.6,0,58.9,0.00,0.0,0.0,14919,1.00,7.5,0.0
11:33:06,6727,49.4,0,59.2,0.00,0.0,0.0,14919,1.00,7.5,0.0
11:33:06,6720,49.2,0,59.6,0.00,0.0,0.0,14919,1.00,7.5,0.0
11:33:06,6714,49.0,0,60.0,0.00,0.0,0.0,14919,1.00,7.5,0.0
11:33:06,6708,48.8,0,60.4,0.00,0.0,0.0,14919,1.00,7.5,0.0
